experiment_id,policy,attack,agents,seed,success_rate,fraud_sats,mal_routing_rate,recovery_rds,concentration,max_round_fraud
exp_PRICE_collusion-ring_100a_10s_1778314985470,PRICE,collusion-ring,100,10,0.9100,68.0,0.3567,0.0,0.1389,0.0
exp_PRICE_collusion-ring_100a_11s_1778315011794,PRICE,collusion-ring,100,11,0.9167,66.0,0.4300,2.0,0.1439,0.0
exp_PRICE_collusion-ring_100a_12s_1778315034978,PRICE,collusion-ring,100,12,0.9067,83.0,0.5467,0.0,0.1383,0.0
exp_PRICE_collusion-ring_100a_13s_1778315057342,PRICE,collusion-ring,100,13,0.8867,103.0,0.4667,0.0,0.1317,0.0
exp_PRICE_collusion-ring_100a_14s_1778315084392,PRICE,collusion-ring,100,14,0.8900,128.0,0.5633,0.0,0.1372,0.0
exp_PRICE_collusion-ring_100a_15s_1778315112027,PRICE,collusion-ring,100,15,0.9033,53.0,0.4133,0.0,0.1464,0.0
exp_PRICE_collusion-ring_100a_16s_1778315140094,PRICE,collusion-ring,100,16,0.8733,130.0,0.5100,0.0,0.1422,0.0
exp_PRICE_collusion-ring_100a_17s_1778315169325,PRICE,collusion-ring,100,17,0.8700,115.0,0.4667,0.0,0.1314,0.0
exp_PRICE_collusion-ring_100a_18s_1778315197735,PRICE,collusion-ring,100,18,0.9167,59.0,0.4267,0.0,0.1467,0.0
exp_PRICE_collusion-ring_100a_19s_1778315223832,PRICE,collusion-ring,100,19,0.8867,110.0,0.5000,0.0,0.1431,0.0
exp_PRICE_collusion-ring_100a_1s_1778314713452,PRICE,collusion-ring,100,1,0.9000,109.0,0.4000,2.0,0.1447,0.0
exp_PRICE_collusion-ring_100a_20s_1778315251882,PRICE,collusion-ring,100,20,0.9300,59.0,0.5233,0.0,0.1472,0.0
exp_PRICE_collusion-ring_100a_2s_1778314743672,PRICE,collusion-ring,100,2,0.9133,67.0,0.3933,0.0,0.1572,0.0
exp_PRICE_collusion-ring_100a_3s_1778314775206,PRICE,collusion-ring,100,3,0.9033,90.0,0.5500,0.0,0.1436,0.0
exp_PRICE_collusion-ring_100a_42s_1778279991328,PRICE,collusion-ring,100,42,0.8733,117.0,0.5600,0.0,0.1428,0.0
exp_PRICE_collusion-ring_100a_4s_1778314809846,PRICE,collusion-ring,100,4,0.9100,85.0,0.3667,0.0,0.1300,0.0
exp_PRICE_collusion-ring_100a_5s_1778314842450,PRICE,collusion-ring,100,5,0.9233,61.0,0.3900,1.0,0.1450,0.0
exp_PRICE_collusion-ring_100a_6s_1778314872243,PRICE,collusion-ring,100,6,0.9133,56.0,0.3567,0.0,0.1483,0.0
exp_PRICE_collusion-ring_100a_7s_1778314900637,PRICE,collusion-ring,100,7,0.8967,89.0,0.3800,0.0,0.1308,0.0
exp_PRICE_collusion-ring_100a_8s_1778314927947,PRICE,collusion-ring,100,8,0.9100,57.0,0.3967,0.0,0.1461,0.0
exp_PRICE_collusion-ring_100a_9s_1778314956507,PRICE,collusion-ring,100,9,0.8500,140.0,0.5333,0.0,0.1528,0.0
exp_PRICE_collusion-ring_30a_42s_1778275916496,PRICE,collusion-ring,30,42,0.9800,18.0,0.0500,0.0,0.1461,0.0
exp_PRICE_collusion-ring_30a_42s_1778276983829,PRICE,collusion-ring,30,42,0.9467,88.0,0.3667,0.0,0.1300,0.0
exp_PRICE_collusion-ring_30a_42s_1778278096001,PRICE,collusion-ring,30,42,0.9300,132.0,0.3667,0.0,0.1300,0.0
exp_PRICE_collusion-ring_30a_42s_1778278559346,PRICE,collusion-ring,30,42,0.9367,138.0,0.3667,0.0,0.1300,0.0
exp_PRICE_collusion-ring_30a_42s_1778279861484,PRICE,collusion-ring,30,42,0.9033,154.0,0.7700,0.0,0.1272,0.0
exp_PRICE_collusion-ring_50a_1s_1778282355367,PRICE,collusion-ring,50,1,0.8700,129.0,0.4000,0.0,0.1486,0.0
exp_PRICE_collusion-ring_50a_2s_1778282372489,PRICE,collusion-ring,50,2,0.8967,113.0,0.4133,0.0,0.1422,0.0
exp_PRICE_collusion-ring_50a_3s_1778282390358,PRICE,collusion-ring,50,3,0.8900,128.0,0.6033,0.0,0.1244,0.0
exp_PRICE_collusion-ring_50a_42s_1778279917161,PRICE,collusion-ring,50,42,0.9033,93.0,0.5633,0.0,0.1372,0.0
exp_PRICE_collusion-ring_50a_4s_1778282406860,PRICE,collusion-ring,50,4,0.8733,142.0,0.8500,0.0,0.1556,0.0
exp_PRICE_collusion-ring_50a_5s_1778282424270,PRICE,collusion-ring,50,5,0.9267,91.0,0.6167,0.0,0.1489,0.0
exp_PRICE_strategic-default_100a_10s_1778311815647,PRICE,strategic-default,100,10,0.9633,20.0,0.3767,2.0,0.1500,0.0
exp_PRICE_strategic-default_100a_11s_1778311838783,PRICE,strategic-default,100,11,0.9600,20.0,0.4233,2.0,0.1489,0.0
exp_PRICE_strategic-default_100a_12s_1778311861955,PRICE,strategic-default,100,12,0.9600,12.0,0.4800,2.0,0.1269,0.0
exp_PRICE_strategic-default_100a_13s_1778311884487,PRICE,strategic-default,100,13,0.9600,19.0,0.4767,3.0,0.1197,0.0
exp_PRICE_strategic-default_100a_14s_1778311908658,PRICE,strategic-default,100,14,0.9567,45.0,0.4733,3.0,0.1403,0.0
exp_PRICE_strategic-default_100a_15s_1778311931826,PRICE,strategic-default,100,15,0.9467,4.0,0.4467,0.0,0.1406,0.0
exp_PRICE_strategic-default_100a_16s_1778311955596,PRICE,strategic-default,100,16,0.9400,15.0,0.4233,3.0,0.1278,0.0
exp_PRICE_strategic-default_100a_17s_1778311979752,PRICE,strategic-default,100,17,0.9567,4.0,0.4967,1.0,0.1275,0.0
exp_PRICE_strategic-default_100a_18s_1778312002070,PRICE,strategic-default,100,18,0.9800,0.0,0.3667,0.0,0.1400,0.0
exp_PRICE_strategic-default_100a_19s_1778312025694,PRICE,strategic-default,100,19,0.9533,9.0,0.5333,5.0,0.1339,0.0
exp_PRICE_strategic-default_100a_1s_1778311609723,PRICE,strategic-default,100,1,0.9233,57.0,0.2500,3.0,0.1311,0.0
exp_PRICE_strategic-default_100a_20s_1778312048298,PRICE,strategic-default,100,20,0.9700,15.0,0.5833,2.0,0.1439,0.0
exp_PRICE_strategic-default_100a_2s_1778311631852,PRICE,strategic-default,100,2,0.9600,11.0,0.4800,1.0,0.1414,0.0
exp_PRICE_strategic-default_100a_3s_1778311653836,PRICE,strategic-default,100,3,0.9400,30.0,0.4500,3.0,0.1289,0.0
exp_PRICE_strategic-default_100a_4s_1778311676489,PRICE,strategic-default,100,4,0.9700,0.0,0.3900,1.0,0.1372,0.0
exp_PRICE_strategic-default_100a_5s_1778311698290,PRICE,strategic-default,100,5,0.9733,12.0,0.3933,2.0,0.1394,0.0
exp_PRICE_strategic-default_100a_6s_1778311721233,PRICE,strategic-default,100,6,0.9433,4.0,0.4033,5.0,0.1286,0.0
exp_PRICE_strategic-default_100a_7s_1778311743929,PRICE,strategic-default,100,7,0.9667,5.0,0.4333,2.0,0.1469,0.0
exp_PRICE_strategic-default_100a_8s_1778311766936,PRICE,strategic-default,100,8,0.9567,10.0,0.3600,3.0,0.1514,0.0
exp_PRICE_strategic-default_100a_9s_1778311791676,PRICE,strategic-default,100,9,0.9433,17.0,0.4400,2.0,0.1567,0.0
exp_PRICE_strategic-default_20a_42s_1778275308711,PRICE,strategic-default,20,42,0.9333,0.0,0.0000,0.0,0.1200,0.0
exp_PRICE_strategic-default_30a_42s_1778275513332,PRICE,strategic-default,30,42,0.9867,0.0,0.0500,0.0,0.1461,0.0
exp_PRICE_strategic-default_30a_42s_1778276828749,PRICE,strategic-default,30,42,0.9533,80.0,0.5567,3.0,0.1467,0.0
exp_PRICE_strategic-default_30a_42s_1778278278290,PRICE,strategic-default,30,42,0.9533,80.0,0.5567,3.0,0.1467,0.0
exp_PRICE_strategic-default_30a_42s_1778278649675,PRICE,strategic-default,30,42,0.9533,80.0,0.5567,3.0,0.1467,0.0
exp_PRICE_strategic-default_50a_1s_1778281766973,PRICE,strategic-default,50,1,0.9467,20.0,0.4933,3.0,0.1517,0.0
exp_PRICE_strategic-default_50a_2s_1778281783365,PRICE,strategic-default,50,2,0.9367,50.0,0.6300,3.0,0.1467,0.0
exp_PRICE_strategic-default_50a_3s_1778281798967,PRICE,strategic-default,50,3,0.9467,48.0,0.6033,3.0,0.1244,0.0
exp_PRICE_strategic-default_50a_4s_1778281818896,PRICE,strategic-default,50,4,0.9467,63.0,0.8500,3.0,0.1556,0.0
exp_PRICE_strategic-default_50a_5s_1778281842355,PRICE,strategic-default,50,5,0.9667,45.0,0.6167,3.0,0.1489,0.0
exp_PRICE_sybil-cluster_100a_10s_1778313383630,PRICE,sybil-cluster,100,10,0.9800,0.0,0.3767,0.0,0.1500,0.0
exp_PRICE_sybil-cluster_100a_11s_1778313406153,PRICE,sybil-cluster,100,11,0.9733,0.0,0.5033,0.0,0.1528,0.0
exp_PRICE_sybil-cluster_100a_12s_1778313431282,PRICE,sybil-cluster,100,12,0.9733,0.0,0.5467,0.0,0.1383,0.0
exp_PRICE_sybil-cluster_100a_13s_1778313453301,PRICE,sybil-cluster,100,13,0.9700,0.0,0.4800,0.0,0.1417,0.0
exp_PRICE_sybil-cluster_100a_14s_1778313476254,PRICE,sybil-cluster,100,14,0.9900,0.0,0.6067,0.0,0.1533,0.0
exp_PRICE_sybil-cluster_100a_15s_1778313502968,PRICE,sybil-cluster,100,15,0.9500,0.0,0.4733,0.0,0.1472,0.0
exp_PRICE_sybil-cluster_100a_16s_1778313526772,PRICE,sybil-cluster,100,16,0.9600,0.0,0.5833,0.0,0.1561,0.0
exp_PRICE_sybil-cluster_100a_17s_1778313549673,PRICE,sybil-cluster,100,17,0.9633,0.0,0.5200,0.0,0.1239,0.0
exp_PRICE_sybil-cluster_100a_18s_1778313573166,PRICE,sybil-cluster,100,18,0.9800,0.0,0.3667,0.0,0.1400,0.0
exp_PRICE_sybil-cluster_100a_19s_1778313590971,PRICE,sybil-cluster,100,19,0.9700,0.0,0.5333,0.0,0.1300,0.0
exp_PRICE_sybil-cluster_100a_1s_1778313166107,PRICE,sybil-cluster,100,1,0.9900,0.0,0.5633,0.0,0.1472,0.0
exp_PRICE_sybil-cluster_100a_20s_1778313609434,PRICE,sybil-cluster,100,20,0.9867,0.0,0.5567,0.0,0.1422,0.0
exp_PRICE_sybil-cluster_100a_2s_1778313188870,PRICE,sybil-cluster,100,2,0.9700,0.0,0.4700,0.0,0.1422,0.0
exp_PRICE_sybil-cluster_100a_3s_1778313212868,PRICE,sybil-cluster,100,3,0.9733,0.0,0.5833,1.0,0.1389,0.0
exp_PRICE_sybil-cluster_100a_4s_1778313237005,PRICE,sybil-cluster,100,4,0.9733,0.0,0.3800,1.0,0.1361,0.0
exp_PRICE_sybil-cluster_100a_5s_1778313259702,PRICE,sybil-cluster,100,5,0.9900,0.0,0.4233,0.0,0.1511,0.0
exp_PRICE_sybil-cluster_100a_6s_1778313284703,PRICE,sybil-cluster,100,6,0.9633,0.0,0.4167,0.0,0.1255,0.0
exp_PRICE_sybil-cluster_100a_7s_1778313309870,PRICE,sybil-cluster,100,7,0.9733,0.0,0.4433,1.0,0.1467,0.0
exp_PRICE_sybil-cluster_100a_8s_1778313335701,PRICE,sybil-cluster,100,8,0.9600,0.0,0.4500,2.0,0.1450,0.0
exp_PRICE_sybil-cluster_100a_9s_1778313358913,PRICE,sybil-cluster,100,9,0.9700,0.0,0.5933,0.0,0.1528,0.0
exp_PRICE_sybil-cluster_30a_42s_1778275844397,PRICE,sybil-cluster,30,42,0.9867,0.0,0.0500,0.0,0.1461,0.0
exp_PRICE_sybil-cluster_30a_42s_1778276707838,PRICE,sybil-cluster,30,42,0.9800,0.0,0.3667,0.0,0.1300,0.0
exp_PRICE_sybil-cluster_30a_42s_1778278187718,PRICE,sybil-cluster,30,42,0.9800,0.0,0.3667,0.0,0.1300,0.0
exp_PRICE_sybil-cluster_30a_42s_1778278742099,PRICE,sybil-cluster,30,42,0.9800,0.0,0.3667,0.0,0.1300,0.0
exp_PRICE_sybil-cluster_50a_1s_1778282075710,PRICE,sybil-cluster,50,1,0.9600,0.0,0.4467,1.0,0.1483,0.0
exp_PRICE_sybil-cluster_50a_2s_1778282093118,PRICE,sybil-cluster,50,2,0.9500,0.0,0.2600,0.0,0.1267,0.0
exp_PRICE_sybil-cluster_50a_3s_1778282109498,PRICE,sybil-cluster,50,3,0.9900,0.0,0.8333,0.0,0.1361,0.0
exp_PRICE_sybil-cluster_50a_4s_1778282125899,PRICE,sybil-cluster,50,4,0.9967,0.0,0.8500,0.0,0.1556,0.0
exp_PRICE_sybil-cluster_50a_5s_1778282143307,PRICE,sybil-cluster,50,5,0.9967,0.0,0.6200,0.0,0.1511,0.0
exp_PRICE_whitewashing_100a_10s_1778317661089,PRICE,whitewashing,100,10,0.7867,191.0,0.4667,1.0,0.1386,0.0
exp_PRICE_whitewashing_100a_11s_1778317679658,PRICE,whitewashing,100,11,0.7500,269.0,0.5600,0.0,0.1503,0.0
exp_PRICE_whitewashing_100a_12s_1778317697881,PRICE,whitewashing,100,12,0.7267,284.0,0.5767,0.0,0.1403,0.0
exp_PRICE_whitewashing_100a_13s_1778317716661,PRICE,whitewashing,100,13,0.7367,264.0,0.5867,4.0,0.1330,0.0
exp_PRICE_whitewashing_100a_14s_1778317735319,PRICE,whitewashing,100,14,0.7067,350.0,0.7000,0.0,0.1522,0.0
exp_PRICE_whitewashing_100a_15s_1778317754094,PRICE,whitewashing,100,15,0.7133,283.0,0.5867,8.0,0.1583,0.0
exp_PRICE_whitewashing_100a_16s_1778317772615,PRICE,whitewashing,100,16,0.7400,292.0,0.5400,1.0,0.1330,0.0
exp_PRICE_whitewashing_100a_17s_1778317791388,PRICE,whitewashing,100,17,0.7733,212.0,0.5500,0.0,0.1258,0.0
exp_PRICE_whitewashing_100a_18s_1778317809576,PRICE,whitewashing,100,18,0.8133,158.0,0.3500,0.0,0.1603,0.0
exp_PRICE_whitewashing_100a_19s_1778317828195,PRICE,whitewashing,100,19,0.7367,311.0,0.5500,0.0,0.1347,0.0
exp_PRICE_whitewashing_100a_1s_1778317496168,PRICE,whitewashing,100,1,0.8233,215.0,0.4533,2.0,0.1444,0.0
exp_PRICE_whitewashing_100a_20s_1778317846415,PRICE,whitewashing,100,20,0.7100,285.0,0.6567,0.0,0.1489,0.0
exp_PRICE_whitewashing_100a_2s_1778317514808,PRICE,whitewashing,100,2,0.7333,320.0,0.5533,2.0,0.1492,0.0
exp_PRICE_whitewashing_100a_3s_1778317533248,PRICE,whitewashing,100,3,0.6867,346.0,0.6200,2.0,0.1453,0.0
exp_PRICE_whitewashing_100a_4s_1778317551533,PRICE,whitewashing,100,4,0.7867,218.0,0.4733,1.0,0.1467,0.0
exp_PRICE_whitewashing_100a_5s_1778317569569,PRICE,whitewashing,100,5,0.8367,170.0,0.3967,0.0,0.1600,0.0
exp_PRICE_whitewashing_100a_6s_1778317588040,PRICE,whitewashing,100,6,0.8033,192.0,0.4167,2.0,0.1286,0.0
exp_PRICE_whitewashing_100a_7s_1778317605694,PRICE,whitewashing,100,7,0.8000,236.0,0.5133,3.0,0.1319,0.0
exp_PRICE_whitewashing_100a_8s_1778317623076,PRICE,whitewashing,100,8,0.7600,226.0,0.6433,4.0,0.1506,0.0
exp_PRICE_whitewashing_100a_9s_1778317641721,PRICE,whitewashing,100,9,0.7433,269.0,0.6133,3.0,0.1353,0.0
exp_PRICE_whitewashing_30a_42s_1778275776885,PRICE,whitewashing,30,42,0.9600,118.0,0.0500,0.0,0.1461,0.0
exp_PRICE_whitewashing_30a_42s_1778276900643,PRICE,whitewashing,30,42,0.7600,546.0,0.5567,2.0,0.1467,0.0
exp_PRICE_whitewashing_30a_42s_1778278360248,PRICE,whitewashing,30,42,0.7500,614.0,0.5567,2.0,0.1467,0.0
exp_PRICE_whitewashing_30a_42s_1778278836760,PRICE,whitewashing,30,42,0.7500,568.0,0.5567,0.0,0.1467,0.0
exp_PRICE_whitewashing_50a_1s_1778282599055,PRICE,whitewashing,50,1,0.7567,303.0,0.4933,0.0,0.1517,0.0
exp_PRICE_whitewashing_50a_2s_1778282613488,PRICE,whitewashing,50,2,0.7267,324.0,0.6767,0.0,0.1450,0.0
exp_PRICE_whitewashing_50a_3s_1778282628096,PRICE,whitewashing,50,3,0.7567,294.0,0.6033,1.0,0.1244,0.0
exp_PRICE_whitewashing_50a_4s_1778282642393,PRICE,whitewashing,50,4,0.6767,354.0,0.8500,0.0,0.1556,0.0
exp_PRICE_whitewashing_50a_5s_1778282656700,PRICE,whitewashing,50,5,0.8067,204.0,0.4667,0.0,0.1492,0.0
exp_REPUTATION_collusion-ring_100a_10s_1778314371060,REPUTATION,collusion-ring,100,10,0.9567,0.0,0.0000,0.0,0.1250,0.0
exp_REPUTATION_collusion-ring_100a_11s_1778314396377,REPUTATION,collusion-ring,100,11,0.9600,0.0,0.0000,0.0,0.1364,0.0
exp_REPUTATION_collusion-ring_100a_12s_1778314421661,REPUTATION,collusion-ring,100,12,0.9533,0.0,0.0000,0.0,0.1317,0.0
exp_REPUTATION_collusion-ring_100a_13s_1778314455078,REPUTATION,collusion-ring,100,13,0.9400,0.0,0.0000,1.0,0.1294,0.0
exp_REPUTATION_collusion-ring_100a_14s_1778314487068,REPUTATION,collusion-ring,100,14,0.9400,7.0,0.0333,2.0,0.1333,0.0
exp_REPUTATION_collusion-ring_100a_15s_1778314522320,REPUTATION,collusion-ring,100,15,0.9367,7.0,0.1000,1.0,0.1292,0.0
exp_REPUTATION_collusion-ring_100a_16s_1778314554426,REPUTATION,collusion-ring,100,16,0.9200,14.0,0.0267,1.0,0.1289,0.0
exp_REPUTATION_collusion-ring_100a_17s_1778314587483,REPUTATION,collusion-ring,100,17,0.9467,0.0,0.0000,0.0,0.1294,0.0
exp_REPUTATION_collusion-ring_100a_18s_1778314619582,REPUTATION,collusion-ring,100,18,0.9667,0.0,0.0000,0.0,0.1253,0.0
exp_REPUTATION_collusion-ring_100a_19s_1778314651679,REPUTATION,collusion-ring,100,19,0.9333,0.0,0.0000,1.0,0.1350,0.0
exp_REPUTATION_collusion-ring_100a_1s_1778314145144,REPUTATION,collusion-ring,100,1,0.9633,0.0,0.0000,0.0,0.1167,0.0
exp_REPUTATION_collusion-ring_100a_20s_1778314682741,REPUTATION,collusion-ring,100,20,0.9467,0.0,0.0000,0.0,0.1378,0.0
exp_REPUTATION_collusion-ring_100a_2s_1778314170026,REPUTATION,collusion-ring,100,2,0.9367,0.0,0.0000,0.0,0.1356,0.0
exp_REPUTATION_collusion-ring_100a_3s_1778314195460,REPUTATION,collusion-ring,100,3,0.9433,0.0,0.0233,1.0,0.1392,0.0
exp_REPUTATION_collusion-ring_100a_42s_1778279961922,REPUTATION,collusion-ring,100,42,0.9600,3.0,0.0367,0.0,0.1317,0.0
exp_REPUTATION_collusion-ring_100a_4s_1778314220949,REPUTATION,collusion-ring,100,4,0.9400,4.0,0.0433,1.0,0.1397,0.0
exp_REPUTATION_collusion-ring_100a_5s_1778314245962,REPUTATION,collusion-ring,100,5,0.9633,0.0,0.0000,0.0,0.1456,0.0
exp_REPUTATION_collusion-ring_100a_6s_1778314270623,REPUTATION,collusion-ring,100,6,0.9333,0.0,0.0000,0.0,0.1556,0.0
exp_REPUTATION_collusion-ring_100a_7s_1778314295917,REPUTATION,collusion-ring,100,7,0.9500,0.0,0.0000,0.0,0.1342,0.0
exp_REPUTATION_collusion-ring_100a_8s_1778314321119,REPUTATION,collusion-ring,100,8,0.9433,0.0,0.0000,2.0,0.1414,0.0
exp_REPUTATION_collusion-ring_100a_9s_1778314346177,REPUTATION,collusion-ring,100,9,0.9500,0.0,0.0000,1.0,0.1289,0.0
exp_REPUTATION_collusion-ring_30a_42s_1778275899021,REPUTATION,collusion-ring,30,42,0.9767,24.0,0.0900,0.0,0.1300,0.0
exp_REPUTATION_collusion-ring_30a_42s_1778276958597,REPUTATION,collusion-ring,30,42,0.9767,24.0,0.0633,0.0,0.1339,0.0
exp_REPUTATION_collusion-ring_30a_42s_1778278072489,REPUTATION,collusion-ring,30,42,0.9600,46.0,0.0967,0.0,0.1403,0.0
exp_REPUTATION_collusion-ring_30a_42s_1778278535643,REPUTATION,collusion-ring,30,42,0.9767,32.0,0.1433,1.0,0.1497,0.0
exp_REPUTATION_collusion-ring_30a_42s_1778279843241,REPUTATION,collusion-ring,30,42,0.9467,40.0,0.0967,0.0,0.1225,0.0
exp_REPUTATION_collusion-ring_50a_1s_1778282264703,REPUTATION,collusion-ring,50,1,0.9167,82.0,0.2400,2.0,0.1275,0.0
exp_REPUTATION_collusion-ring_50a_2s_1778282282878,REPUTATION,collusion-ring,50,2,0.8967,77.0,0.1500,0.0,0.1283,0.0
exp_REPUTATION_collusion-ring_50a_3s_1778282301160,REPUTATION,collusion-ring,50,3,0.9267,54.0,0.2167,0.0,0.1317,0.0
exp_REPUTATION_collusion-ring_50a_42s_1778279897881,REPUTATION,collusion-ring,50,42,0.9333,85.0,0.1500,1.0,0.1414,0.0
exp_REPUTATION_collusion-ring_50a_4s_1778282318785,REPUTATION,collusion-ring,50,4,0.9267,55.0,0.2533,1.0,0.1319,0.0
exp_REPUTATION_collusion-ring_50a_5s_1778282337520,REPUTATION,collusion-ring,50,5,0.9500,24.0,0.1767,0.0,0.1317,0.0
exp_REPUTATION_strategic-default_100a_10s_1778311341455,REPUTATION,strategic-default,100,10,0.9567,0.0,0.0000,0.0,0.1250,0.0
exp_REPUTATION_strategic-default_100a_11s_1778311365419,REPUTATION,strategic-default,100,11,0.9600,0.0,0.0000,0.0,0.1364,0.0
exp_REPUTATION_strategic-default_100a_12s_1778311388801,REPUTATION,strategic-default,100,12,0.9533,0.0,0.0000,0.0,0.1317,0.0
exp_REPUTATION_strategic-default_100a_13s_1778311412454,REPUTATION,strategic-default,100,13,0.9400,0.0,0.0000,1.0,0.1294,0.0
exp_REPUTATION_strategic-default_100a_14s_1778311436890,REPUTATION,strategic-default,100,14,0.9667,3.0,0.2533,1.0,0.1269,0.0
exp_REPUTATION_strategic-default_100a_15s_1778311460674,REPUTATION,strategic-default,100,15,0.9500,8.0,0.1900,1.0,0.1230,0.0
exp_REPUTATION_strategic-default_100a_16s_1778311484849,REPUTATION,strategic-default,100,16,0.9233,0.0,0.0667,1.0,0.1278,0.0
exp_REPUTATION_strategic-default_100a_17s_1778311511689,REPUTATION,strategic-default,100,17,0.9467,0.0,0.0000,0.0,0.1294,0.0
exp_REPUTATION_strategic-default_100a_18s_1778311535263,REPUTATION,strategic-default,100,18,0.9667,0.0,0.0000,0.0,0.1253,0.0
exp_REPUTATION_strategic-default_100a_19s_1778311559009,REPUTATION,strategic-default,100,19,0.9333,0.0,0.0000,1.0,0.1350,0.0
exp_REPUTATION_strategic-default_100a_1s_1778311124894,REPUTATION,strategic-default,100,1,0.9633,0.0,0.0000,0.0,0.1167,0.0
exp_REPUTATION_strategic-default_100a_20s_1778311584977,REPUTATION,strategic-default,100,20,0.9467,0.0,0.0000,0.0,0.1378,0.0
exp_REPUTATION_strategic-default_100a_2s_1778311148395,REPUTATION,strategic-default,100,2,0.9367,0.0,0.0000,0.0,0.1356,0.0
exp_REPUTATION_strategic-default_100a_3s_1778311172995,REPUTATION,strategic-default,100,3,0.9433,0.0,0.1167,1.0,0.1336,0.0
exp_REPUTATION_strategic-default_100a_4s_1778311197964,REPUTATION,strategic-default,100,4,0.9433,0.0,0.0567,0.0,0.1358,0.0
exp_REPUTATION_strategic-default_100a_5s_1778311222453,REPUTATION,strategic-default,100,5,0.9633,0.0,0.0000,0.0,0.1456,0.0
exp_REPUTATION_strategic-default_100a_6s_1778311245922,REPUTATION,strategic-default,100,6,0.9333,0.0,0.0000,0.0,0.1556,0.0
exp_REPUTATION_strategic-default_100a_7s_1778311270154,REPUTATION,strategic-default,100,7,0.9500,0.0,0.0000,0.0,0.1342,0.0
exp_REPUTATION_strategic-default_100a_8s_1778311294094,REPUTATION,strategic-default,100,8,0.9433,0.0,0.0000,2.0,0.1414,0.0
exp_REPUTATION_strategic-default_100a_9s_1778311317914,REPUTATION,strategic-default,100,9,0.9500,0.0,0.0000,1.0,0.1289,0.0
exp_REPUTATION_strategic-default_20a_42s_1778275300710,REPUTATION,strategic-default,20,42,0.9333,0.0,0.0000,0.0,0.1200,0.0
exp_REPUTATION_strategic-default_30a_42s_1778275497785,REPUTATION,strategic-default,30,42,0.9767,12.0,0.3267,3.0,0.1375,0.0
exp_REPUTATION_strategic-default_30a_42s_1778276808465,REPUTATION,strategic-default,30,42,0.9767,12.0,0.3267,3.0,0.1403,0.0
exp_REPUTATION_strategic-default_30a_42s_1778278255163,REPUTATION,strategic-default,30,42,0.9767,12.0,0.3267,3.0,0.1403,0.0
exp_REPUTATION_strategic-default_30a_42s_1778278629710,REPUTATION,strategic-default,30,42,0.9767,12.0,0.3267,3.0,0.1403,0.0
exp_REPUTATION_strategic-default_50a_1s_1778281650903,REPUTATION,strategic-default,50,1,0.9500,14.0,0.4867,3.0,0.1278,0.0
exp_REPUTATION_strategic-default_50a_2s_1778281666992,REPUTATION,strategic-default,50,2,0.9567,13.0,0.4700,2.0,0.1372,0.0
exp_REPUTATION_strategic-default_50a_3s_1778281690468,REPUTATION,strategic-default,50,3,0.9567,24.0,0.4800,3.0,0.1125,0.0
exp_REPUTATION_strategic-default_50a_4s_1778281716644,REPUTATION,strategic-default,50,4,0.9433,42.0,0.6533,3.0,0.1189,0.0
exp_REPUTATION_strategic-default_50a_5s_1778281741665,REPUTATION,strategic-default,50,5,0.9700,13.0,0.4800,2.0,0.1361,0.0
exp_REPUTATION_sybil-cluster_100a_10s_1778312876187,REPUTATION,sybil-cluster,100,10,0.9567,0.0,0.0000,0.0,0.1250,0.0
exp_REPUTATION_sybil-cluster_100a_11s_1778312903433,REPUTATION,sybil-cluster,100,11,0.9600,0.0,0.0000,0.0,0.1364,0.0
exp_REPUTATION_sybil-cluster_100a_12s_1778312929066,REPUTATION,sybil-cluster,100,12,0.9533,0.0,0.0000,0.0,0.1317,0.0
exp_REPUTATION_sybil-cluster_100a_13s_1778312955447,REPUTATION,sybil-cluster,100,13,0.9400,0.0,0.0000,1.0,0.1294,0.0
exp_REPUTATION_sybil-cluster_100a_14s_1778312981868,REPUTATION,sybil-cluster,100,14,0.9633,0.0,0.2467,0.0,0.1150,0.0
exp_REPUTATION_sybil-cluster_100a_15s_1778313008082,REPUTATION,sybil-cluster,100,15,0.9500,0.0,0.2000,1.0,0.1319,0.0
exp_REPUTATION_sybil-cluster_100a_16s_1778313035254,REPUTATION,sybil-cluster,100,16,0.9233,0.0,0.0667,1.0,0.1278,0.0
exp_REPUTATION_sybil-cluster_100a_17s_1778313062971,REPUTATION,sybil-cluster,100,17,0.9467,0.0,0.0000,0.0,0.1294,0.0
exp_REPUTATION_sybil-cluster_100a_18s_1778313088775,REPUTATION,sybil-cluster,100,18,0.9667,0.0,0.0000,0.0,0.1253,0.0
exp_REPUTATION_sybil-cluster_100a_19s_1778313113606,REPUTATION,sybil-cluster,100,19,0.9333,0.0,0.0000,1.0,0.1350,0.0
exp_REPUTATION_sybil-cluster_100a_1s_1778312630113,REPUTATION,sybil-cluster,100,1,0.9633,0.0,0.0000,0.0,0.1167,0.0
exp_REPUTATION_sybil-cluster_100a_20s_1778313140742,REPUTATION,sybil-cluster,100,20,0.9467,0.0,0.0000,0.0,0.1378,0.0
exp_REPUTATION_sybil-cluster_100a_2s_1778312656276,REPUTATION,sybil-cluster,100,2,0.9367,0.0,0.0000,0.0,0.1356,0.0
exp_REPUTATION_sybil-cluster_100a_3s_1778312684658,REPUTATION,sybil-cluster,100,3,0.9400,0.0,0.0767,1.0,0.1311,0.0
exp_REPUTATION_sybil-cluster_100a_4s_1778312711736,REPUTATION,sybil-cluster,100,4,0.9433,0.0,0.0567,0.0,0.1358,0.0
exp_REPUTATION_sybil-cluster_100a_5s_1778312739785,REPUTATION,sybil-cluster,100,5,0.9633,0.0,0.0000,0.0,0.1456,0.0
exp_REPUTATION_sybil-cluster_100a_6s_1778312767061,REPUTATION,sybil-cluster,100,6,0.9333,0.0,0.0000,0.0,0.1556,0.0
exp_REPUTATION_sybil-cluster_100a_7s_1778312796257,REPUTATION,sybil-cluster,100,7,0.9500,0.0,0.0000,0.0,0.1342,0.0
exp_REPUTATION_sybil-cluster_100a_8s_1778312821967,REPUTATION,sybil-cluster,100,8,0.9433,0.0,0.0000,2.0,0.1414,0.0
exp_REPUTATION_sybil-cluster_100a_9s_1778312849897,REPUTATION,sybil-cluster,100,9,0.9500,0.0,0.0000,1.0,0.1289,0.0
exp_REPUTATION_sybil-cluster_30a_42s_1778275827703,REPUTATION,sybil-cluster,30,42,0.9833,0.0,0.3300,0.0,0.1528,0.0
exp_REPUTATION_sybil-cluster_30a_42s_1778276685882,REPUTATION,sybil-cluster,30,42,0.9833,0.0,0.3300,0.0,0.1511,0.0
exp_REPUTATION_sybil-cluster_30a_42s_1778278166114,REPUTATION,sybil-cluster,30,42,0.9833,0.0,0.3300,0.0,0.1511,0.0
exp_REPUTATION_sybil-cluster_30a_42s_1778278721274,REPUTATION,sybil-cluster,30,42,0.9833,0.0,0.3300,0.0,0.1511,0.0
exp_REPUTATION_sybil-cluster_50a_1s_1778281988296,REPUTATION,sybil-cluster,50,1,0.9667,0.0,0.5733,0.0,0.1255,0.0
exp_REPUTATION_sybil-cluster_50a_2s_1778282005228,REPUTATION,sybil-cluster,50,2,0.9667,0.0,0.4900,0.0,0.1422,0.0
exp_REPUTATION_sybil-cluster_50a_3s_1778282023305,REPUTATION,sybil-cluster,50,3,0.9900,0.0,0.7567,0.0,0.1239,0.0
exp_REPUTATION_sybil-cluster_50a_4s_1778282040523,REPUTATION,sybil-cluster,50,4,0.9933,0.0,0.7667,0.0,0.1317,0.0
exp_REPUTATION_sybil-cluster_50a_5s_1778282057690,REPUTATION,sybil-cluster,50,5,0.9867,0.0,0.5267,0.0,0.1478,0.0
exp_REPUTATION_whitewashing_100a_10s_1778317225772,REPUTATION,whitewashing,100,10,0.9567,0.0,0.0000,0.0,0.1250,0.0
exp_REPUTATION_whitewashing_100a_11s_1778317250082,REPUTATION,whitewashing,100,11,0.9600,0.0,0.0000,0.0,0.1364,0.0
exp_REPUTATION_whitewashing_100a_12s_1778317274674,REPUTATION,whitewashing,100,12,0.9533,0.0,0.0000,0.0,0.1317,0.0
exp_REPUTATION_whitewashing_100a_13s_1778317299166,REPUTATION,whitewashing,100,13,0.9400,0.0,0.0000,1.0,0.1294,0.0
exp_REPUTATION_whitewashing_100a_14s_1778317324228,REPUTATION,whitewashing,100,14,0.9433,7.0,0.0233,0.0,0.1133,0.0
exp_REPUTATION_whitewashing_100a_15s_1778317349161,REPUTATION,whitewashing,100,15,0.9233,26.0,0.0400,1.0,0.1283,0.0
exp_REPUTATION_whitewashing_100a_16s_1778317373370,REPUTATION,whitewashing,100,16,0.9433,14.0,0.0167,1.0,0.1300,0.0
exp_REPUTATION_whitewashing_100a_17s_1778317398467,REPUTATION,whitewashing,100,17,0.9467,0.0,0.0000,0.0,0.1294,0.0
exp_REPUTATION_whitewashing_100a_18s_1778317422962,REPUTATION,whitewashing,100,18,0.9667,0.0,0.0000,0.0,0.1253,0.0
exp_REPUTATION_whitewashing_100a_19s_1778317447433,REPUTATION,whitewashing,100,19,0.9333,0.0,0.0000,1.0,0.1350,0.0
exp_REPUTATION_whitewashing_100a_1s_1778317007007,REPUTATION,whitewashing,100,1,0.9633,0.0,0.0000,0.0,0.1167,0.0
exp_REPUTATION_whitewashing_100a_20s_1778317471801,REPUTATION,whitewashing,100,20,0.9467,0.0,0.0000,0.0,0.1378,0.0
exp_REPUTATION_whitewashing_100a_2s_1778317030801,REPUTATION,whitewashing,100,2,0.9367,0.0,0.0000,0.0,0.1356,0.0
exp_REPUTATION_whitewashing_100a_3s_1778317055343,REPUTATION,whitewashing,100,3,0.9400,7.0,0.0033,1.0,0.1294,0.0
exp_REPUTATION_whitewashing_100a_4s_1778317080533,REPUTATION,whitewashing,100,4,0.9467,12.0,0.0200,2.0,0.1325,0.0
exp_REPUTATION_whitewashing_100a_5s_1778317104198,REPUTATION,whitewashing,100,5,0.9633,0.0,0.0000,0.0,0.1456,0.0
exp_REPUTATION_whitewashing_100a_6s_1778317127896,REPUTATION,whitewashing,100,6,0.9333,0.0,0.0000,0.0,0.1556,0.0
exp_REPUTATION_whitewashing_100a_7s_1778317152296,REPUTATION,whitewashing,100,7,0.9500,0.0,0.0000,0.0,0.1342,0.0
exp_REPUTATION_whitewashing_100a_8s_1778317176503,REPUTATION,whitewashing,100,8,0.9433,0.0,0.0000,2.0,0.1414,0.0
exp_REPUTATION_whitewashing_100a_9s_1778317201403,REPUTATION,whitewashing,100,9,0.9500,0.0,0.0000,1.0,0.1289,0.0
exp_REPUTATION_whitewashing_30a_42s_1778275761723,REPUTATION,whitewashing,30,42,0.9567,58.0,0.0833,0.0,0.1531,0.0
exp_REPUTATION_whitewashing_30a_42s_1778276880066,REPUTATION,whitewashing,30,42,0.9500,128.0,0.0833,0.0,0.1464,0.0
exp_REPUTATION_whitewashing_30a_42s_1778278339539,REPUTATION,whitewashing,30,42,0.9367,160.0,0.0833,0.0,0.1439,0.0
exp_REPUTATION_whitewashing_30a_42s_1778278815360,REPUTATION,whitewashing,30,42,0.9467,128.0,0.1000,0.0,0.1317,0.0
exp_REPUTATION_whitewashing_50a_1s_1778282521589,REPUTATION,whitewashing,50,1,0.9000,74.0,0.1267,0.0,0.1275,0.0
exp_REPUTATION_whitewashing_50a_2s_1778282537114,REPUTATION,whitewashing,50,2,0.8967,88.0,0.0967,0.0,0.1367,0.0
exp_REPUTATION_whitewashing_50a_3s_1778282552717,REPUTATION,whitewashing,50,3,0.9067,73.0,0.1067,0.0,0.1167,0.0
exp_REPUTATION_whitewashing_50a_4s_1778282567705,REPUTATION,whitewashing,50,4,0.8867,77.0,0.1233,0.0,0.1317,0.0
exp_REPUTATION_whitewashing_50a_5s_1778282583210,REPUTATION,whitewashing,50,5,0.9400,50.0,0.0967,0.0,0.1139,0.0
exp_TRACE_collusion-ring_100a_10s_1778313856941,TRACE,collusion-ring,100,10,0.9567,0.0,0.0000,0.0,0.1483,0.0
exp_TRACE_collusion-ring_100a_11s_1778313882959,TRACE,collusion-ring,100,11,0.9567,3.0,0.0100,0.0,0.1442,0.0
exp_TRACE_collusion-ring_100a_12s_1778313908718,TRACE,collusion-ring,100,12,0.9533,0.0,0.0000,0.0,0.1356,0.0
exp_TRACE_collusion-ring_100a_13s_1778313934937,TRACE,collusion-ring,100,13,0.9400,0.0,0.0000,1.0,0.1339,0.0
exp_TRACE_collusion-ring_100a_14s_1778313960870,TRACE,collusion-ring,100,14,0.9333,30.0,0.2100,0.0,0.1397,0.0
exp_TRACE_collusion-ring_100a_15s_1778313987113,TRACE,collusion-ring,100,15,0.9000,45.0,0.2333,0.0,0.1489,0.0
exp_TRACE_collusion-ring_100a_16s_1778314014271,TRACE,collusion-ring,100,16,0.9267,23.0,0.2133,0.0,0.1217,0.0
exp_TRACE_collusion-ring_100a_17s_1778314040927,TRACE,collusion-ring,100,17,0.9400,7.0,0.0900,0.0,0.1319,0.0
exp_TRACE_collusion-ring_100a_18s_1778314067327,TRACE,collusion-ring,100,18,0.9467,3.0,0.0367,0.0,0.1392,0.0
exp_TRACE_collusion-ring_100a_19s_1778314093375,TRACE,collusion-ring,100,19,0.9333,0.0,0.0000,1.0,0.1461,0.0
exp_TRACE_collusion-ring_100a_1s_1778313627642,TRACE,collusion-ring,100,1,0.9633,0.0,0.0000,0.0,0.1400,0.0
exp_TRACE_collusion-ring_100a_20s_1778314119803,TRACE,collusion-ring,100,20,0.9467,0.0,0.0000,0.0,0.1528,0.0
exp_TRACE_collusion-ring_100a_2s_1778313653022,TRACE,collusion-ring,100,2,0.9467,6.0,0.1467,0.0,0.1472,0.0
exp_TRACE_collusion-ring_100a_3s_1778313679380,TRACE,collusion-ring,100,3,0.9400,24.0,0.1300,0.0,0.1489,0.0
exp_TRACE_collusion-ring_100a_42s_1778279934563,TRACE,collusion-ring,100,42,0.9467,4.0,0.0267,0.0,0.1469,0.0
exp_TRACE_collusion-ring_100a_42s_1778280686835,TRACE,collusion-ring,100,42,0.9433,7.0,0.0133,0.0,0.1481,0.0
exp_TRACE_collusion-ring_100a_42s_1778280724924,TRACE,collusion-ring,100,42,0.9433,10.0,0.0867,0.0,0.1361,0.0
exp_TRACE_collusion-ring_100a_42s_1778280763370,TRACE,collusion-ring,100,42,0.9400,16.0,0.0867,0.0,0.1444,0.0
exp_TRACE_collusion-ring_100a_42s_1778280793912,TRACE,collusion-ring,100,42,0.9467,7.0,0.0333,0.0,0.1378,0.0
exp_TRACE_collusion-ring_100a_42s_1778280823809,TRACE,collusion-ring,100,42,0.9433,7.0,0.0067,0.0,0.1383,0.0
exp_TRACE_collusion-ring_100a_42s_1778280860804,TRACE,collusion-ring,100,42,0.9367,18.0,0.0867,0.0,0.1389,0.0
exp_TRACE_collusion-ring_100a_4s_1778313705072,TRACE,collusion-ring,100,4,0.9367,4.0,0.0100,0.0,0.1539,0.0
exp_TRACE_collusion-ring_100a_5s_1778313729780,TRACE,collusion-ring,100,5,0.9633,0.0,0.0000,0.0,0.1464,0.0
exp_TRACE_collusion-ring_100a_6s_1778313755664,TRACE,collusion-ring,100,6,0.9167,28.0,0.1067,0.0,0.1572,0.0
exp_TRACE_collusion-ring_100a_7s_1778313781230,TRACE,collusion-ring,100,7,0.9500,0.0,0.0000,0.0,0.1344,0.0
exp_TRACE_collusion-ring_100a_8s_1778313806721,TRACE,collusion-ring,100,8,0.9433,0.0,0.0000,2.0,0.1481,0.0
exp_TRACE_collusion-ring_100a_9s_1778313832336,TRACE,collusion-ring,100,9,0.9500,0.0,0.0000,1.0,0.1417,0.0
exp_trace_collusion-ring_30a_1s_1778278879182,trace,collusion-ring,30,1,0.9267,11.0,0.0500,1.0,0.1389,0.0
exp_trace_collusion-ring_30a_2s_1778278904097,trace,collusion-ring,30,2,0.9300,14.0,0.0500,0.0,0.1456,0.0
exp_trace_collusion-ring_30a_3s_1778278930528,trace,collusion-ring,30,3,0.9333,103.0,0.0500,0.0,0.1511,0.0
exp_TRACE_collusion-ring_30a_42s_1778275880026,TRACE,collusion-ring,30,42,0.9733,44.0,0.0633,0.0,0.1375,0.0
exp_TRACE_collusion-ring_30a_42s_1778276932392,TRACE,collusion-ring,30,42,0.9600,106.0,0.0567,0.0,0.1375,0.0
exp_TRACE_collusion-ring_30a_42s_1778278044819,TRACE,collusion-ring,30,42,0.9767,46.0,0.0500,0.0,0.1464,0.0
exp_TRACE_collusion-ring_30a_42s_1778278510520,TRACE,collusion-ring,30,42,0.9867,0.0,0.0500,0.0,0.1464,0.0
exp_trace_collusion-ring_30a_42s_1778279765204,trace,collusion-ring,30,42,0.9833,7.0,0.0500,0.0,0.1461,0.0
exp_TRACE_collusion-ring_30a_42s_1778279824045,TRACE,collusion-ring,30,42,0.9200,84.0,0.4067,1.0,0.1233,0.0
exp_trace_collusion-ring_30a_4s_1778278955765,trace,collusion-ring,30,4,0.9333,16.0,0.0500,1.0,0.1305,0.0
exp_trace_collusion-ring_30a_5s_1778278982878,trace,collusion-ring,30,5,0.9667,9.0,0.0500,0.0,0.1378,0.0
exp_TRACE_collusion-ring_50a_10s_1778322090902,TRACE,collusion-ring,50,10,0.9400,8.0,0.0500,0.0,0.1422,0.0
exp_TRACE_collusion-ring_50a_10s_1778322545025,TRACE,collusion-ring,50,10,0.9367,6.0,0.0500,0.0,0.1422,0.0
exp_TRACE_collusion-ring_50a_10s_1778323547429,TRACE,collusion-ring,50,10,0.9300,25.0,0.0500,0.0,0.1422,0.0
exp_TRACE_collusion-ring_50a_10s_1778324077955,TRACE,collusion-ring,50,10,0.9333,41.0,0.2800,1.0,0.1500,0.0
exp_TRACE_collusion-ring_50a_10s_1778324604136,TRACE,collusion-ring,50,10,0.9333,15.0,0.0700,0.0,0.1467,0.0
exp_TRACE_collusion-ring_50a_11s_1778322119326,TRACE,collusion-ring,50,11,0.9400,27.0,0.1667,0.0,0.1425,0.0
exp_TRACE_collusion-ring_50a_11s_1778322565007,TRACE,collusion-ring,50,11,0.9200,57.0,0.3300,0.0,0.1439,0.0
exp_TRACE_collusion-ring_50a_11s_1778323572602,TRACE,collusion-ring,50,11,0.9167,67.0,0.3767,0.0,0.1350,0.0
exp_TRACE_collusion-ring_50a_11s_1778324101303,TRACE,collusion-ring,50,11,0.9400,10.0,0.0500,0.0,0.1433,0.0
exp_TRACE_collusion-ring_50a_11s_1778324631485,TRACE,collusion-ring,50,11,0.8867,118.0,0.4000,0.0,0.1464,0.0
exp_TRACE_collusion-ring_50a_12s_1778322142040,TRACE,collusion-ring,50,12,0.9267,62.0,0.4400,0.0,0.1544,0.0
exp_TRACE_collusion-ring_50a_12s_1778322585798,TRACE,collusion-ring,50,12,0.9500,27.0,0.3200,0.0,0.1397,0.0
exp_TRACE_collusion-ring_50a_12s_1778323599326,TRACE,collusion-ring,50,12,0.9467,17.0,0.1167,0.0,0.1469,0.0
exp_TRACE_collusion-ring_50a_12s_1778324129167,TRACE,collusion-ring,50,12,0.9433,41.0,0.2833,2.0,0.1514,0.0
exp_TRACE_collusion-ring_50a_12s_1778324658223,TRACE,collusion-ring,50,12,0.9567,0.0,0.0500,0.0,0.1528,0.0
exp_TRACE_collusion-ring_50a_13s_1778322163156,TRACE,collusion-ring,50,13,0.9567,12.0,0.0800,1.0,0.1489,0.0
exp_TRACE_collusion-ring_50a_13s_1778322606676,TRACE,collusion-ring,50,13,0.9467,35.0,0.2467,0.0,0.1347,0.0
exp_TRACE_collusion-ring_50a_13s_1778323627656,TRACE,collusion-ring,50,13,0.9567,12.0,0.0467,0.0,0.1503,0.0
exp_TRACE_collusion-ring_50a_13s_1778324153112,TRACE,collusion-ring,50,13,0.9533,27.0,0.1633,0.0,0.1383,0.0
exp_TRACE_collusion-ring_50a_13s_1778324687151,TRACE,collusion-ring,50,13,0.9600,38.0,0.0467,0.0,0.1531,0.0
exp_TRACE_collusion-ring_50a_14s_1778322183452,TRACE,collusion-ring,50,14,0.9300,79.0,0.2700,0.0,0.1442,0.0
exp_TRACE_collusion-ring_50a_14s_1778322627257,TRACE,collusion-ring,50,14,0.9367,65.0,0.2900,0.0,0.1381,0.0
exp_TRACE_collusion-ring_50a_14s_1778323655466,TRACE,collusion-ring,50,14,0.9233,74.0,0.2833,0.0,0.1342,0.0
exp_TRACE_collusion-ring_50a_14s_1778324180470,TRACE,collusion-ring,50,14,0.9600,6.0,0.0500,0.0,0.1294,0.0
exp_TRACE_collusion-ring_50a_14s_1778324714334,TRACE,collusion-ring,50,14,0.9267,78.0,0.3200,0.0,0.1406,0.0
exp_TRACE_collusion-ring_50a_15s_1778322203621,TRACE,collusion-ring,50,15,0.9567,14.0,0.0500,1.0,0.1422,0.0
exp_TRACE_collusion-ring_50a_15s_1778322647955,TRACE,collusion-ring,50,15,0.9367,43.0,0.2733,0.0,0.1369,0.0
exp_TRACE_collusion-ring_50a_15s_1778323681980,TRACE,collusion-ring,50,15,0.9567,16.0,0.0500,1.0,0.1422,0.0
exp_TRACE_collusion-ring_50a_15s_1778324207715,TRACE,collusion-ring,50,15,0.9567,16.0,0.0500,1.0,0.1422,0.0
exp_TRACE_collusion-ring_50a_15s_1778324741468,TRACE,collusion-ring,50,15,0.9600,11.0,0.0500,1.0,0.1422,0.0
exp_TRACE_collusion-ring_50a_16s_1778322223420,TRACE,collusion-ring,50,16,0.8900,67.0,0.3367,0.0,0.1464,0.0
exp_TRACE_collusion-ring_50a_16s_1778322669125,TRACE,collusion-ring,50,16,0.9233,36.0,0.3367,1.0,0.1461,0.0
exp_TRACE_collusion-ring_50a_16s_1778323708269,TRACE,collusion-ring,50,16,0.9333,25.0,0.3267,0.0,0.1400,0.0
exp_TRACE_collusion-ring_50a_16s_1778324234253,TRACE,collusion-ring,50,16,0.9067,55.0,0.2933,0.0,0.1567,0.0
exp_TRACE_collusion-ring_50a_16s_1778324771983,TRACE,collusion-ring,50,16,0.9200,34.0,0.1500,4.0,0.1419,0.0
exp_TRACE_collusion-ring_50a_17s_1778322243686,TRACE,collusion-ring,50,17,0.9467,9.0,0.0767,0.0,0.1506,0.0
exp_TRACE_collusion-ring_50a_17s_1778322689837,TRACE,collusion-ring,50,17,0.9367,15.0,0.0500,0.0,0.1292,0.0
exp_TRACE_collusion-ring_50a_17s_1778323734905,TRACE,collusion-ring,50,17,0.9400,12.0,0.0767,0.0,0.1506,0.0
exp_TRACE_collusion-ring_50a_17s_1778324261400,TRACE,collusion-ring,50,17,0.9367,18.0,0.0500,0.0,0.1289,0.0
exp_TRACE_collusion-ring_50a_17s_1778324799038,TRACE,collusion-ring,50,17,0.9167,53.0,0.2467,0.0,0.1292,0.0
exp_TRACE_collusion-ring_50a_18s_1778322264274,TRACE,collusion-ring,50,18,0.9067,75.0,0.2767,0.0,0.1397,0.0
exp_TRACE_collusion-ring_50a_18s_1778322710388,TRACE,collusion-ring,50,18,0.9233,72.0,0.4233,0.0,0.1278,0.0
exp_TRACE_collusion-ring_50a_18s_1778323761546,TRACE,collusion-ring,50,18,0.8933,86.0,0.3100,1.0,0.1333,0.0
exp_TRACE_collusion-ring_50a_18s_1778324287257,TRACE,collusion-ring,50,18,0.9133,55.0,0.5133,0.0,0.1414,0.0
exp_TRACE_collusion-ring_50a_18s_1778324828832,TRACE,collusion-ring,50,18,0.9100,104.0,0.2567,0.0,0.1350,0.0
exp_TRACE_collusion-ring_50a_19s_1778322284685,TRACE,collusion-ring,50,19,0.9400,14.0,0.0500,0.0,0.1433,0.0
exp_TRACE_collusion-ring_50a_19s_1778322731967,TRACE,collusion-ring,50,19,0.9333,16.0,0.0500,0.0,0.1433,0.0
exp_TRACE_collusion-ring_50a_19s_1778323788218,TRACE,collusion-ring,50,19,0.9267,28.0,0.0500,0.0,0.1433,0.0
exp_TRACE_collusion-ring_50a_19s_1778324314205,TRACE,collusion-ring,50,19,0.9433,35.0,0.2600,0.0,0.1311,0.0
exp_TRACE_collusion-ring_50a_19s_1778324855991,TRACE,collusion-ring,50,19,0.9333,7.0,0.0767,0.0,0.1303,0.0
exp_TRACE_collusion-ring_50a_1s_1778282160310,TRACE,collusion-ring,50,1,0.9400,46.0,0.2767,1.0,0.1422,0.0
exp_TRACE_collusion-ring_50a_1s_1778308673339,TRACE,collusion-ring,50,1,0.9233,38.0,0.1033,0.0,0.1508,0.0
exp_TRACE_collusion-ring_50a_1s_1778308794031,TRACE,collusion-ring,50,1,0.9133,86.0,0.2367,0.0,0.1431,0.0
exp_TRACE_collusion-ring_50a_1s_1778308931015,TRACE,collusion-ring,50,1,0.9200,48.0,0.1267,0.0,0.1300,0.0
exp_TRACE_collusion-ring_50a_1s_1778309058083,TRACE,collusion-ring,50,1,0.9067,46.0,0.0833,0.0,0.1411,0.0
exp_TRACE_collusion-ring_50a_1s_1778309181255,TRACE,collusion-ring,50,1,0.9133,62.0,0.2833,0.0,0.1372,0.0
exp_TRACE_collusion-ring_50a_1s_1778309304772,TRACE,collusion-ring,50,1,0.9233,47.0,0.3667,1.0,0.1592,0.0
exp_TRACE_collusion-ring_50a_1s_1778309425223,TRACE,collusion-ring,50,1,0.9100,51.0,0.2267,0.0,0.1486,0.0
exp_TRACE_collusion-ring_50a_1s_1778309545575,TRACE,collusion-ring,50,1,0.9200,31.0,0.1167,1.0,0.1314,0.0
exp_TRACE_collusion-ring_50a_1s_1778309664748,TRACE,collusion-ring,50,1,0.9300,58.0,0.2200,0.0,0.1308,0.0
exp_TRACE_collusion-ring_50a_1s_1778309783467,TRACE,collusion-ring,50,1,0.9300,51.0,0.2467,0.0,0.1561,0.0
exp_TRACE_collusion-ring_50a_1s_1778309902366,TRACE,collusion-ring,50,1,0.9367,25.0,0.2400,0.0,0.1547,0.0
exp_TRACE_collusion-ring_50a_1s_1778310023293,TRACE,collusion-ring,50,1,0.9133,60.0,0.3500,0.0,0.1533,0.0
exp_TRACE_collusion-ring_50a_1s_1778319576253,TRACE,collusion-ring,50,1,0.9233,35.0,0.2533,0.0,0.1467,0.0
exp_TRACE_collusion-ring_50a_1s_1778321586362,TRACE,collusion-ring,50,1,0.9000,77.0,0.4100,0.0,0.1514,0.0
exp_TRACE_collusion-ring_50a_1s_1778321702027,TRACE,collusion-ring,50,1,0.9300,56.0,0.1967,0.0,0.1211,0.0
exp_TRACE_collusion-ring_50a_1s_1778321751959,TRACE,collusion-ring,50,1,0.9233,46.0,0.2367,0.0,0.1403,0.0
exp_TRACE_collusion-ring_50a_1s_1778321836708,TRACE,collusion-ring,50,1,0.9200,66.0,0.2200,1.0,0.1267,0.0
exp_TRACE_collusion-ring_50a_1s_1778322337018,TRACE,collusion-ring,50,1,0.9133,77.0,0.3633,0.0,0.1347,0.0
exp_TRACE_collusion-ring_50a_1s_1778323295925,TRACE,collusion-ring,50,1,0.9300,58.0,0.2333,0.0,0.1292,0.0
exp_TRACE_collusion-ring_50a_1s_1778323838173,TRACE,collusion-ring,50,1,0.9067,52.0,0.2533,0.0,0.1467,0.0
exp_TRACE_collusion-ring_50a_1s_1778324367363,TRACE,collusion-ring,50,1,0.9200,74.0,0.3433,0.0,0.1472,0.0
exp_TRACE_collusion-ring_50a_20s_1778322309669,TRACE,collusion-ring,50,20,0.9367,52.0,0.2967,0.0,0.1353,0.0
exp_TRACE_collusion-ring_50a_20s_1778322752657,TRACE,collusion-ring,50,20,0.9067,141.0,0.3533,1.0,0.1356,0.0
exp_TRACE_collusion-ring_50a_20s_1778323812682,TRACE,collusion-ring,50,20,0.9467,16.0,0.0600,0.0,0.1297,0.0
exp_TRACE_collusion-ring_50a_20s_1778324340920,TRACE,collusion-ring,50,20,0.9167,100.0,0.3600,1.0,0.1417,0.0
exp_TRACE_collusion-ring_50a_20s_1778324883241,TRACE,collusion-ring,50,20,0.9400,57.0,0.3033,1.0,0.1422,0.0
exp_TRACE_collusion-ring_50a_2s_1778282181126,TRACE,collusion-ring,50,2,0.9100,54.0,0.2400,0.0,0.1506,0.0
exp_TRACE_collusion-ring_50a_2s_1778308700561,TRACE,collusion-ring,50,2,0.9100,62.0,0.2333,0.0,0.1511,0.0
exp_TRACE_collusion-ring_50a_2s_1778308816595,TRACE,collusion-ring,50,2,0.9133,59.0,0.1900,0.0,0.1617,0.0
exp_TRACE_collusion-ring_50a_2s_1778308958143,TRACE,collusion-ring,50,2,0.9167,49.0,0.2067,0.0,0.1647,0.0
exp_TRACE_collusion-ring_50a_2s_1778309084150,TRACE,collusion-ring,50,2,0.9067,62.0,0.2800,1.0,0.1461,0.0
exp_TRACE_collusion-ring_50a_2s_1778309207128,TRACE,collusion-ring,50,2,0.9167,34.0,0.0767,0.0,0.1411,0.0
exp_TRACE_collusion-ring_50a_2s_1778309328638,TRACE,collusion-ring,50,2,0.9200,17.0,0.0467,0.0,0.1500,0.0
exp_TRACE_collusion-ring_50a_2s_1778309449302,TRACE,collusion-ring,50,2,0.9200,34.0,0.1767,0.0,0.1408,0.0
exp_TRACE_collusion-ring_50a_2s_1778309569798,TRACE,collusion-ring,50,2,0.9267,28.0,0.2800,1.0,0.1461,0.0
exp_TRACE_collusion-ring_50a_2s_1778309688452,TRACE,collusion-ring,50,2,0.8900,80.0,0.2800,1.0,0.1461,0.0
exp_TRACE_collusion-ring_50a_2s_1778309807425,TRACE,collusion-ring,50,2,0.9100,48.0,0.2800,3.0,0.1461,0.0
exp_TRACE_collusion-ring_50a_2s_1778309926765,TRACE,collusion-ring,50,2,0.8933,78.0,0.2800,1.0,0.1461,0.0
exp_TRACE_collusion-ring_50a_2s_1778310047371,TRACE,collusion-ring,50,2,0.9167,46.0,0.1800,1.0,0.1625,0.0
exp_TRACE_collusion-ring_50a_2s_1778321615565,TRACE,collusion-ring,50,2,0.9200,23.0,0.1067,0.0,0.1478,0.0
exp_TRACE_collusion-ring_50a_2s_1778321727925,TRACE,collusion-ring,50,2,0.9033,63.0,0.2400,0.0,0.1500,0.0
exp_TRACE_collusion-ring_50a_2s_1778321780002,TRACE,collusion-ring,50,2,0.9200,38.0,0.2400,0.0,0.1500,0.0
exp_TRACE_collusion-ring_50a_2s_1778321865136,TRACE,collusion-ring,50,2,0.9133,69.0,0.1900,1.0,0.1547,0.0
exp_TRACE_collusion-ring_50a_2s_1778322357562,TRACE,collusion-ring,50,2,0.9100,64.0,0.2033,0.0,0.1494,0.0
exp_TRACE_collusion-ring_50a_2s_1778323325902,TRACE,collusion-ring,50,2,0.9000,64.0,0.2800,1.0,0.1444,0.0
exp_TRACE_collusion-ring_50a_2s_1778323863894,TRACE,collusion-ring,50,2,0.9333,23.0,0.2267,0.0,0.1556,0.0
exp_TRACE_collusion-ring_50a_2s_1778324394277,TRACE,collusion-ring,50,2,0.9233,31.0,0.2400,0.0,0.1500,0.0
exp_TRACE_collusion-ring_50a_3s_1778282201860,TRACE,collusion-ring,50,3,0.9367,48.0,0.3133,0.0,0.1355,0.0
exp_TRACE_collusion-ring_50a_3s_1778308724154,TRACE,collusion-ring,50,3,0.9300,49.0,0.3333,0.0,0.1514,0.0
exp_TRACE_collusion-ring_50a_3s_1778308842144,TRACE,collusion-ring,50,3,0.9400,31.0,0.1933,0.0,0.1336,0.0
exp_TRACE_collusion-ring_50a_3s_1778308983386,TRACE,collusion-ring,50,3,0.9367,40.0,0.2267,1.0,0.1283,0.0
exp_TRACE_collusion-ring_50a_3s_1778309107481,TRACE,collusion-ring,50,3,0.9367,23.0,0.0567,3.0,0.1414,0.0
exp_TRACE_collusion-ring_50a_3s_1778309231347,TRACE,collusion-ring,50,3,0.9367,49.0,0.2833,1.0,0.1425,0.0
exp_TRACE_collusion-ring_50a_3s_1778309351968,TRACE,collusion-ring,50,3,0.9133,92.0,0.4600,0.0,0.1294,0.0
exp_TRACE_collusion-ring_50a_3s_1778309473073,TRACE,collusion-ring,50,3,0.9333,59.0,0.3400,0.0,0.1336,0.0
exp_TRACE_collusion-ring_50a_3s_1778309593092,TRACE,collusion-ring,50,3,0.9200,78.0,0.3667,1.0,0.1167,0.0
exp_TRACE_collusion-ring_50a_3s_1778309711667,TRACE,collusion-ring,50,3,0.9433,43.0,0.2367,0.0,0.1383,0.0
exp_TRACE_collusion-ring_50a_3s_1778309830573,TRACE,collusion-ring,50,3,0.9067,90.0,0.3400,1.0,0.1333,0.0
exp_TRACE_collusion-ring_50a_3s_1778309950422,TRACE,collusion-ring,50,3,0.9100,87.0,0.3400,0.0,0.1328,0.0
exp_TRACE_collusion-ring_50a_3s_1778310071543,TRACE,collusion-ring,50,3,0.9367,56.0,0.3400,0.0,0.1350,0.0
exp_TRACE_collusion-ring_50a_3s_1778321893223,TRACE,collusion-ring,50,3,0.9467,34.0,0.2833,0.0,0.1422,0.0
exp_TRACE_collusion-ring_50a_3s_1778322378058,TRACE,collusion-ring,50,3,0.9167,60.0,0.3400,0.0,0.1333,0.0
exp_TRACE_collusion-ring_50a_3s_1778323352256,TRACE,collusion-ring,50,3,0.9400,44.0,0.2633,0.0,0.1303,0.0
exp_TRACE_collusion-ring_50a_3s_1778323888856,TRACE,collusion-ring,50,3,0.9333,54.0,0.2833,0.0,0.1414,0.0
exp_TRACE_collusion-ring_50a_3s_1778324420066,TRACE,collusion-ring,50,3,0.9300,49.0,0.2833,1.0,0.1411,0.0
exp_TRACE_collusion-ring_50a_42s_1778279878049,TRACE,collusion-ring,50,42,0.9533,38.0,0.1833,0.0,0.1428,0.0
exp_TRACE_collusion-ring_50a_42s_1778280384524,TRACE,collusion-ring,50,42,0.9567,35.0,0.1833,0.0,0.1428,0.0
exp_TRACE_collusion-ring_50a_42s_1778280416848,TRACE,collusion-ring,50,42,0.9800,12.0,0.0500,0.0,0.1478,0.0
exp_TRACE_collusion-ring_50a_42s_1778280447989,TRACE,collusion-ring,50,42,0.9833,3.0,0.0500,0.0,0.1458,0.0
exp_TRACE_collusion-ring_50a_42s_1778280478258,TRACE,collusion-ring,50,42,0.9767,17.0,0.0500,0.0,0.1478,0.0
exp_TRACE_collusion-ring_50a_42s_1778280508036,TRACE,collusion-ring,50,42,0.9733,22.0,0.0500,0.0,0.1478,0.0
exp_TRACE_collusion-ring_50a_42s_1778280534468,TRACE,collusion-ring,50,42,0.9767,13.0,0.0500,0.0,0.1478,0.0
exp_TRACE_collusion-ring_50a_42s_1778319449484,TRACE,collusion-ring,50,42,0.9433,37.0,0.2367,0.0,0.1428,0.0
exp_TRACE_collusion-ring_50a_42s_1778320539578,TRACE,collusion-ring,50,42,0.9433,38.0,0.2367,0.0,0.1428,0.0
exp_TRACE_collusion-ring_50a_4s_1778282222819,TRACE,collusion-ring,50,4,0.9200,53.0,0.2067,0.0,0.1378,0.0
exp_TRACE_collusion-ring_50a_4s_1778308747688,TRACE,collusion-ring,50,4,0.9300,14.0,0.0600,0.0,0.1478,0.0
exp_TRACE_collusion-ring_50a_4s_1778308872185,TRACE,collusion-ring,50,4,0.9433,31.0,0.2000,0.0,0.1328,0.0
exp_TRACE_collusion-ring_50a_4s_1778309010253,TRACE,collusion-ring,50,4,0.9200,45.0,0.1233,0.0,0.1508,0.0
exp_TRACE_collusion-ring_50a_4s_1778309132691,TRACE,collusion-ring,50,4,0.9333,25.0,0.0967,0.0,0.1525,0.0
exp_TRACE_collusion-ring_50a_4s_1778309256355,TRACE,collusion-ring,50,4,0.9400,20.0,0.0533,0.0,0.1497,0.0
exp_TRACE_collusion-ring_50a_4s_1778309376583,TRACE,collusion-ring,50,4,0.9267,78.0,0.3367,0.0,0.1419,0.0
exp_TRACE_collusion-ring_50a_4s_1778309497168,TRACE,collusion-ring,50,4,0.9433,17.0,0.1300,1.0,0.1536,0.0
exp_TRACE_collusion-ring_50a_4s_1778309617144,TRACE,collusion-ring,50,4,0.9433,32.0,0.2033,0.0,0.1353,0.0
exp_TRACE_collusion-ring_50a_4s_1778309735691,TRACE,collusion-ring,50,4,0.9267,59.0,0.2900,1.0,0.1269,0.0
exp_TRACE_collusion-ring_50a_4s_1778309853975,TRACE,collusion-ring,50,4,0.9167,72.0,0.3267,0.0,0.1453,0.0
exp_TRACE_collusion-ring_50a_4s_1778309974175,TRACE,collusion-ring,50,4,0.9400,39.0,0.2733,0.0,0.1433,0.0
exp_TRACE_collusion-ring_50a_4s_1778310095830,TRACE,collusion-ring,50,4,0.9400,23.0,0.1300,1.0,0.1606,0.0
exp_TRACE_collusion-ring_50a_4s_1778321918915,TRACE,collusion-ring,50,4,0.9267,52.0,0.2300,1.0,0.1456,0.0
exp_TRACE_collusion-ring_50a_4s_1778322398419,TRACE,collusion-ring,50,4,0.9000,53.0,0.2533,0.0,0.1517,0.0
exp_TRACE_collusion-ring_50a_4s_1778323384317,TRACE,collusion-ring,50,4,0.9367,31.0,0.1967,0.0,0.1450,0.0
exp_TRACE_collusion-ring_50a_4s_1778323914636,TRACE,collusion-ring,50,4,0.9333,12.0,0.0933,0.0,0.1500,0.0
exp_TRACE_collusion-ring_50a_4s_1778324447533,TRACE,collusion-ring,50,4,0.9367,31.0,0.2267,0.0,0.1497,0.0
exp_TRACE_collusion-ring_50a_5s_1778282244773,TRACE,collusion-ring,50,5,0.9333,62.0,0.4167,1.0,0.1539,0.0
exp_TRACE_collusion-ring_50a_5s_1778308770769,TRACE,collusion-ring,50,5,0.9433,39.0,0.2500,2.0,0.1414,0.0
exp_TRACE_collusion-ring_50a_5s_1778308895890,TRACE,collusion-ring,50,5,0.9333,64.0,0.3267,0.0,0.1425,0.0
exp_TRACE_collusion-ring_50a_5s_1778309035086,TRACE,collusion-ring,50,5,0.9500,41.0,0.3300,1.0,0.1558,0.0
exp_TRACE_collusion-ring_50a_5s_1778309156855,TRACE,collusion-ring,50,5,0.9267,65.0,0.3033,0.0,0.1603,0.0
exp_TRACE_collusion-ring_50a_5s_1778309280065,TRACE,collusion-ring,50,5,0.9467,37.0,0.1867,0.0,0.1486,0.0
exp_TRACE_collusion-ring_50a_5s_1778309400836,TRACE,collusion-ring,50,5,0.9533,27.0,0.1233,0.0,0.1428,0.0
exp_TRACE_collusion-ring_50a_5s_1778309520580,TRACE,collusion-ring,50,5,0.9233,67.0,0.3133,1.0,0.1503,0.0
exp_TRACE_collusion-ring_50a_5s_1778309640598,TRACE,collusion-ring,50,5,0.9333,50.0,0.3100,0.0,0.1542,0.0
exp_TRACE_collusion-ring_50a_5s_1778309759567,TRACE,collusion-ring,50,5,0.9133,64.0,0.3033,1.0,0.1514,0.0
exp_TRACE_collusion-ring_50a_5s_1778309876904,TRACE,collusion-ring,50,5,0.9467,42.0,0.3433,0.0,0.1511,0.0
exp_TRACE_collusion-ring_50a_5s_1778309998726,TRACE,collusion-ring,50,5,0.9433,47.0,0.1500,0.0,0.1330,0.0
exp_TRACE_collusion-ring_50a_5s_1778310119568,TRACE,collusion-ring,50,5,0.9433,45.0,0.3033,1.0,0.1408,0.0
exp_TRACE_collusion-ring_50a_5s_1778321948785,TRACE,collusion-ring,50,5,0.9267,49.0,0.1600,0.0,0.1506,0.0
exp_TRACE_collusion-ring_50a_5s_1778322429017,TRACE,collusion-ring,50,5,0.9233,64.0,0.2967,1.0,0.1397,0.0
exp_TRACE_collusion-ring_50a_5s_1778323412965,TRACE,collusion-ring,50,5,0.9433,41.0,0.3367,0.0,0.1542,0.0
exp_TRACE_collusion-ring_50a_5s_1778323940788,TRACE,collusion-ring,50,5,0.9400,45.0,0.2333,1.0,0.1422,0.0
exp_TRACE_collusion-ring_50a_5s_1778324475225,TRACE,collusion-ring,50,5,0.9367,24.0,0.1000,0.0,0.1531,0.0
exp_TRACE_collusion-ring_50a_6s_1778321977832,TRACE,collusion-ring,50,6,0.8833,47.0,0.2233,1.0,0.1414,0.0
exp_TRACE_collusion-ring_50a_6s_1778322462301,TRACE,collusion-ring,50,6,0.8900,55.0,0.2967,0.0,0.1397,0.0
exp_TRACE_collusion-ring_50a_6s_1778323440314,TRACE,collusion-ring,50,6,0.9033,13.0,0.0567,3.0,0.1472,0.0
exp_TRACE_collusion-ring_50a_6s_1778323968583,TRACE,collusion-ring,50,6,0.9067,56.0,0.3533,3.0,0.1397,0.0
exp_TRACE_collusion-ring_50a_6s_1778324502180,TRACE,collusion-ring,50,6,0.9000,46.0,0.3233,0.0,0.1506,0.0
exp_TRACE_collusion-ring_50a_7s_1778322005509,TRACE,collusion-ring,50,7,0.9400,28.0,0.1433,0.0,0.1264,0.0
exp_TRACE_collusion-ring_50a_7s_1778322482749,TRACE,collusion-ring,50,7,0.9433,21.0,0.0767,0.0,0.1275,0.0
exp_TRACE_collusion-ring_50a_7s_1778323465619,TRACE,collusion-ring,50,7,0.9300,25.0,0.0633,0.0,0.1225,0.0
exp_TRACE_collusion-ring_50a_7s_1778323994187,TRACE,collusion-ring,50,7,0.9267,39.0,0.1200,0.0,0.1369,0.0
exp_TRACE_collusion-ring_50a_7s_1778324527476,TRACE,collusion-ring,50,7,0.9333,32.0,0.1467,1.0,0.1472,0.0
exp_TRACE_collusion-ring_50a_8s_1778322032955,TRACE,collusion-ring,50,8,0.9333,32.0,0.1467,0.0,0.1361,0.0
exp_TRACE_collusion-ring_50a_8s_1778322503529,TRACE,collusion-ring,50,8,0.9500,12.0,0.0467,0.0,0.1439,0.0
exp_TRACE_collusion-ring_50a_8s_1778323492739,TRACE,collusion-ring,50,8,0.9033,54.0,0.3500,0.0,0.1317,0.0
exp_TRACE_collusion-ring_50a_8s_1778324023161,TRACE,collusion-ring,50,8,0.9367,16.0,0.0800,0.0,0.1367,0.0
exp_TRACE_collusion-ring_50a_8s_1778324551975,TRACE,collusion-ring,50,8,0.9100,62.0,0.3433,0.0,0.1528,0.0
exp_TRACE_collusion-ring_50a_9s_1778322062081,TRACE,collusion-ring,50,9,0.9267,34.0,0.1667,0.0,0.1372,0.0
exp_TRACE_collusion-ring_50a_9s_1778322524030,TRACE,collusion-ring,50,9,0.9467,12.0,0.0400,0.0,0.1453,0.0
exp_TRACE_collusion-ring_50a_9s_1778323518565,TRACE,collusion-ring,50,9,0.9367,29.0,0.1367,0.0,0.1375,0.0
exp_TRACE_collusion-ring_50a_9s_1778324050701,TRACE,collusion-ring,50,9,0.9267,79.0,0.1700,0.0,0.1306,0.0
exp_TRACE_collusion-ring_50a_9s_1778324578525,TRACE,collusion-ring,50,9,0.9300,35.0,0.1400,0.0,0.1361,0.0
exp_TRACE_strategic-default_100a_10s_1778310848210,TRACE,strategic-default,100,10,0.9567,0.0,0.0000,0.0,0.1483,0.0
exp_TRACE_strategic-default_100a_11s_1778310872123,TRACE,strategic-default,100,11,0.9600,0.0,0.0433,0.0,0.1411,0.0
exp_TRACE_strategic-default_100a_12s_1778310897057,TRACE,strategic-default,100,12,0.9533,0.0,0.0000,0.0,0.1331,0.0
exp_TRACE_strategic-default_100a_13s_1778310923387,TRACE,strategic-default,100,13,0.9400,0.0,0.0000,1.0,0.1336,0.0
exp_TRACE_strategic-default_100a_14s_1778310949528,TRACE,strategic-default,100,14,0.9667,3.0,0.1833,1.0,0.1467,0.0
exp_TRACE_strategic-default_100a_15s_1778310974958,TRACE,strategic-default,100,15,0.9300,5.0,0.1733,1.0,0.1428,0.0
exp_TRACE_strategic-default_100a_16s_1778310999894,TRACE,strategic-default,100,16,0.9300,0.0,0.0067,2.0,0.1294,0.0
exp_TRACE_strategic-default_100a_17s_1778311020962,TRACE,strategic-default,100,17,0.9467,0.0,0.0833,0.0,0.1311,0.0
exp_TRACE_strategic-default_100a_18s_1778311049042,TRACE,strategic-default,100,18,0.9667,0.0,0.0000,0.0,0.1272,0.0
exp_TRACE_strategic-default_100a_19s_1778311076831,TRACE,strategic-default,100,19,0.9333,0.0,0.0000,1.0,0.1461,0.0
exp_TRACE_strategic-default_100a_1s_1778310615910,TRACE,strategic-default,100,1,0.9633,0.0,0.0000,0.0,0.1400,0.0
exp_TRACE_strategic-default_100a_20s_1778311101806,TRACE,strategic-default,100,20,0.9467,0.0,0.0000,0.0,0.1528,0.0
exp_TRACE_strategic-default_100a_2s_1778310641362,TRACE,strategic-default,100,2,0.9367,3.0,0.0367,3.0,0.1528,0.0
exp_TRACE_strategic-default_100a_3s_1778310668707,TRACE,strategic-default,100,3,0.9533,0.0,0.1100,1.0,0.1358,0.0
exp_TRACE_strategic-default_100a_4s_1778310694164,TRACE,strategic-default,100,4,0.9400,0.0,0.0100,0.0,0.1539,0.0
exp_TRACE_strategic-default_100a_5s_1778310720624,TRACE,strategic-default,100,5,0.9633,0.0,0.0000,0.0,0.1464,0.0
exp_TRACE_strategic-default_100a_6s_1778310747767,TRACE,strategic-default,100,6,0.9433,3.0,0.1033,1.0,0.1533,0.0
exp_TRACE_strategic-default_100a_7s_1778310772491,TRACE,strategic-default,100,7,0.9500,0.0,0.0000,0.0,0.1344,0.0
exp_TRACE_strategic-default_100a_8s_1778310798538,TRACE,strategic-default,100,8,0.9433,0.0,0.0000,2.0,0.1481,0.0
exp_TRACE_strategic-default_100a_9s_1778310824093,TRACE,strategic-default,100,9,0.9500,0.0,0.0000,1.0,0.1417,0.0
exp_trace_strategic-default_20a_42s_1778275174297,trace,strategic-default,20,42,0.9333,0.0,0.0000,0.0,0.1200,0.0
exp_TRACE_strategic-default_20a_42s_1778275292847,TRACE,strategic-default,20,42,0.9333,0.0,0.0000,0.0,0.1200,0.0
exp_TRACE_strategic-default_30a_42s_1778275481949,TRACE,strategic-default,30,42,0.9867,0.0,0.0700,0.0,0.1347,0.0
exp_TRACE_strategic-default_30a_42s_1778276788473,TRACE,strategic-default,30,42,0.9867,0.0,0.0500,0.0,0.1461,0.0
exp_TRACE_strategic-default_30a_42s_1778278232397,TRACE,strategic-default,30,42,0.9667,40.0,0.3067,3.0,0.1347,0.0
exp_TRACE_strategic-default_30a_42s_1778278608104,TRACE,strategic-default,30,42,0.9867,0.0,0.0500,0.0,0.1461,0.0
exp_TRACE_strategic-default_50a_10s_1778325334416,TRACE,strategic-default,50,10,0.9433,0.0,0.0500,0.0,0.1422,0.0
exp_TRACE_strategic-default_50a_10s_1778325808453,TRACE,strategic-default,50,10,0.9500,18.0,0.2800,3.0,0.1500,0.0
exp_TRACE_strategic-default_50a_10s_1778326182801,TRACE,strategic-default,50,10,0.9467,11.0,0.1467,3.0,0.1400,0.0
exp_TRACE_strategic-default_50a_11s_1778325359155,TRACE,strategic-default,50,11,0.9367,26.0,0.2567,2.0,0.1433,0.0
exp_TRACE_strategic-default_50a_11s_1778325833679,TRACE,strategic-default,50,11,0.9467,0.0,0.0500,0.0,0.1433,0.0
exp_TRACE_strategic-default_50a_11s_1778326200541,TRACE,strategic-default,50,11,0.9400,28.0,0.3733,3.0,0.1425,0.0
exp_TRACE_strategic-default_50a_12s_1778325384330,TRACE,strategic-default,50,12,0.9600,17.0,0.3667,3.0,0.1472,0.0
exp_TRACE_strategic-default_50a_12s_1778325856762,TRACE,strategic-default,50,12,0.9533,18.0,0.2833,4.0,0.1511,0.0
exp_TRACE_strategic-default_50a_12s_1778326218702,TRACE,strategic-default,50,12,0.9567,0.0,0.0500,0.0,0.1528,0.0
exp_TRACE_strategic-default_50a_13s_1778325409354,TRACE,strategic-default,50,13,0.9700,0.0,0.0800,1.0,0.1489,0.0
exp_TRACE_strategic-default_50a_13s_1778325880120,TRACE,strategic-default,50,13,0.9700,0.0,0.1067,1.0,0.1378,0.0
exp_TRACE_strategic-default_50a_13s_1778326236501,TRACE,strategic-default,50,13,0.9667,0.0,0.0433,0.0,0.1589,0.0
exp_TRACE_strategic-default_50a_14s_1778325432778,TRACE,strategic-default,50,14,0.9433,39.0,0.2633,3.0,0.1406,0.0
exp_TRACE_strategic-default_50a_14s_1778325899993,TRACE,strategic-default,50,14,0.9633,0.0,0.0500,0.0,0.1294,0.0
exp_TRACE_strategic-default_50a_14s_1778326254195,TRACE,strategic-default,50,14,0.9567,34.0,0.2500,2.0,0.1364,0.0
exp_TRACE_strategic-default_50a_15s_1778325458029,TRACE,strategic-default,50,15,0.9667,0.0,0.0500,1.0,0.1422,0.0
exp_TRACE_strategic-default_50a_15s_1778325917904,TRACE,strategic-default,50,15,0.9667,0.0,0.0500,1.0,0.1422,0.0
exp_TRACE_strategic-default_50a_15s_1778326271748,TRACE,strategic-default,50,15,0.9667,0.0,0.0500,1.0,0.1422,0.0
exp_TRACE_strategic-default_50a_16s_1778325480894,TRACE,strategic-default,50,16,0.9333,38.0,0.5233,3.0,0.1486,0.0
exp_TRACE_strategic-default_50a_16s_1778325934877,TRACE,strategic-default,50,16,0.9367,16.0,0.2933,3.0,0.1567,0.0
exp_TRACE_strategic-default_50a_16s_1778326288878,TRACE,strategic-default,50,16,0.9467,10.0,0.3733,1.0,0.1453,0.0
exp_TRACE_strategic-default_50a_17s_1778325504873,TRACE,strategic-default,50,17,0.9600,3.0,0.2233,0.0,0.1478,0.0
exp_TRACE_strategic-default_50a_17s_1778325951960,TRACE,strategic-default,50,17,0.9500,0.0,0.0500,0.0,0.1289,0.0
exp_TRACE_strategic-default_50a_17s_1778326306926,TRACE,strategic-default,50,17,0.9500,18.0,0.2800,3.0,0.1317,0.0
exp_TRACE_strategic-default_50a_18s_1778325527311,TRACE,strategic-default,50,18,0.9500,12.0,0.3267,3.0,0.1533,0.0
exp_TRACE_strategic-default_50a_18s_1778325969675,TRACE,strategic-default,50,18,0.9400,18.0,0.3100,3.0,0.1292,0.0
exp_TRACE_strategic-default_50a_18s_1778326324546,TRACE,strategic-default,50,18,0.9267,40.0,0.3900,3.0,0.1319,0.0
exp_TRACE_strategic-default_50a_19s_1778325550374,TRACE,strategic-default,50,19,0.9467,0.0,0.0500,0.0,0.1433,0.0
exp_TRACE_strategic-default_50a_19s_1778325987193,TRACE,strategic-default,50,19,0.9667,9.0,0.2600,4.0,0.1311,0.0
exp_TRACE_strategic-default_50a_19s_1778326342387,TRACE,strategic-default,50,19,0.9400,9.0,0.1367,3.0,0.1419,0.0
exp_TRACE_strategic-default_50a_1s_1778281564105,TRACE,strategic-default,50,1,0.9467,10.0,0.1933,1.0,0.1356,0.0
exp_TRACE_strategic-default_50a_1s_1778325121949,TRACE,strategic-default,50,1,0.9533,0.0,0.2267,1.0,0.1450,0.0
exp_TRACE_strategic-default_50a_1s_1778325594749,TRACE,strategic-default,50,1,0.9433,12.0,0.2533,3.0,0.1467,0.0
exp_TRACE_strategic-default_50a_1s_1778326022179,TRACE,strategic-default,50,1,0.9333,31.0,0.4100,3.0,0.1514,0.0
exp_TRACE_strategic-default_50a_20s_1778325572336,TRACE,strategic-default,50,20,0.9633,21.0,0.2200,2.0,0.1356,0.0
exp_TRACE_strategic-default_50a_20s_1778326004593,TRACE,strategic-default,50,20,0.9500,54.0,0.3800,3.0,0.1433,0.0
exp_TRACE_strategic-default_50a_20s_1778326360330,TRACE,strategic-default,50,20,0.9733,8.0,0.3433,2.0,0.1356,0.0
exp_TRACE_strategic-default_50a_2s_1778281582165,TRACE,strategic-default,50,2,0.9500,4.0,0.3067,1.0,0.1561,0.0
exp_TRACE_strategic-default_50a_2s_1778325144576,TRACE,strategic-default,50,2,0.9500,4.0,0.3067,1.0,0.1561,0.0
exp_TRACE_strategic-default_50a_2s_1778325617147,TRACE,strategic-default,50,2,0.9467,4.0,0.2433,1.0,0.1606,0.0
exp_TRACE_strategic-default_50a_2s_1778326040222,TRACE,strategic-default,50,2,0.9300,13.0,0.1933,1.0,0.1400,0.0
exp_TRACE_strategic-default_50a_3s_1778281600352,TRACE,strategic-default,50,3,0.9400,17.0,0.1667,5.0,0.1394,0.0
exp_TRACE_strategic-default_50a_3s_1778325168548,TRACE,strategic-default,50,3,0.9400,17.0,0.1667,5.0,0.1394,0.0
exp_TRACE_strategic-default_50a_3s_1778325641171,TRACE,strategic-default,50,3,0.9600,15.0,0.2833,4.0,0.1411,0.0
exp_TRACE_strategic-default_50a_3s_1778326057964,TRACE,strategic-default,50,3,0.9567,15.0,0.3267,4.0,0.1342,0.0
exp_TRACE_strategic-default_50a_42s_1778320590367,TRACE,strategic-default,50,42,0.9667,12.0,0.2367,1.0,0.1428,0.0
exp_TRACE_strategic-default_50a_4s_1778281617496,TRACE,strategic-default,50,4,0.9633,4.0,0.3833,0.0,0.1478,0.0
exp_TRACE_strategic-default_50a_4s_1778325191042,TRACE,strategic-default,50,4,0.9633,4.0,0.3833,0.0,0.1478,0.0
exp_TRACE_strategic-default_50a_4s_1778325663581,TRACE,strategic-default,50,4,0.9433,16.0,0.2433,3.0,0.1469,0.0
exp_TRACE_strategic-default_50a_4s_1778326075727,TRACE,strategic-default,50,4,0.9500,24.0,0.4367,4.0,0.1500,0.0
exp_TRACE_strategic-default_50a_5s_1778281634720,TRACE,strategic-default,50,5,0.9567,40.0,0.4867,3.0,0.1517,0.0
exp_TRACE_strategic-default_50a_5s_1778325214260,TRACE,strategic-default,50,5,0.9567,40.0,0.4867,3.0,0.1517,0.0
exp_TRACE_strategic-default_50a_5s_1778325691784,TRACE,strategic-default,50,5,0.9567,40.0,0.4867,3.0,0.1517,0.0
exp_TRACE_strategic-default_50a_5s_1778326093481,TRACE,strategic-default,50,5,0.9567,31.0,0.4633,3.0,0.1461,0.0
exp_TRACE_strategic-default_50a_6s_1778325237055,TRACE,strategic-default,50,6,0.9267,5.0,0.3233,2.0,0.1403,0.0
exp_TRACE_strategic-default_50a_6s_1778325712382,TRACE,strategic-default,50,6,0.9267,0.0,0.2233,0.0,0.1428,0.0
exp_TRACE_strategic-default_50a_6s_1778326111143,TRACE,strategic-default,50,6,0.9167,33.0,0.5200,3.0,0.1439,0.0
exp_TRACE_strategic-default_50a_7s_1778325261259,TRACE,strategic-default,50,7,0.9533,24.0,0.4000,3.0,0.1436,0.0
exp_TRACE_strategic-default_50a_7s_1778325735273,TRACE,strategic-default,50,7,0.9367,24.0,0.1533,3.0,0.1419,0.0
exp_TRACE_strategic-default_50a_7s_1778326128601,TRACE,strategic-default,50,7,0.9433,12.0,0.1467,1.0,0.1475,0.0
exp_TRACE_strategic-default_50a_8s_1778325286429,TRACE,strategic-default,50,8,0.9467,9.0,0.3500,4.0,0.1317,0.0
exp_TRACE_strategic-default_50a_8s_1778325758292,TRACE,strategic-default,50,8,0.9467,9.0,0.3300,4.0,0.1339,0.0
exp_TRACE_strategic-default_50a_8s_1778326146540,TRACE,strategic-default,50,8,0.9467,10.0,0.1733,2.0,0.1597,0.0
exp_TRACE_strategic-default_50a_9s_1778325310289,TRACE,strategic-default,50,9,0.9533,0.0,0.1000,0.0,0.1411,0.0
exp_TRACE_strategic-default_50a_9s_1778325783298,TRACE,strategic-default,50,9,0.9567,0.0,0.1000,0.0,0.1456,0.0
exp_TRACE_strategic-default_50a_9s_1778326164487,TRACE,strategic-default,50,9,0.9600,7.0,0.1367,0.0,0.1314,0.0
exp_TRACE_sybil-cluster_100a_10s_1778312324792,TRACE,sybil-cluster,100,10,0.9567,0.0,0.0000,0.0,0.1483,0.0
exp_TRACE_sybil-cluster_100a_11s_1778312352139,TRACE,sybil-cluster,100,11,0.9600,0.0,0.0200,0.0,0.1486,0.0
exp_TRACE_sybil-cluster_100a_12s_1778312380597,TRACE,sybil-cluster,100,12,0.9533,0.0,0.0000,0.0,0.1328,0.0
exp_TRACE_sybil-cluster_100a_13s_1778312406139,TRACE,sybil-cluster,100,13,0.9400,0.0,0.0000,1.0,0.1339,0.0
exp_TRACE_sybil-cluster_100a_14s_1778312436730,TRACE,sybil-cluster,100,14,0.9500,0.0,0.0867,0.0,0.1478,0.0
exp_TRACE_sybil-cluster_100a_15s_1778312464549,TRACE,sybil-cluster,100,15,0.9500,0.0,0.3133,0.0,0.1283,0.0
exp_TRACE_sybil-cluster_100a_16s_1778312493144,TRACE,sybil-cluster,100,16,0.9300,0.0,0.0067,2.0,0.1294,0.0
exp_TRACE_sybil-cluster_100a_17s_1778312520274,TRACE,sybil-cluster,100,17,0.9500,0.0,0.1033,0.0,0.1306,0.0
exp_TRACE_sybil-cluster_100a_18s_1778312548014,TRACE,sybil-cluster,100,18,0.9667,0.0,0.0000,0.0,0.1272,0.0
exp_TRACE_sybil-cluster_100a_19s_1778312575042,TRACE,sybil-cluster,100,19,0.9333,0.0,0.0000,1.0,0.1461,0.0
exp_TRACE_sybil-cluster_100a_1s_1778312071144,TRACE,sybil-cluster,100,1,0.9633,0.0,0.0000,0.0,0.1400,0.0
exp_TRACE_sybil-cluster_100a_20s_1778312602347,TRACE,sybil-cluster,100,20,0.9467,0.0,0.0000,0.0,0.1528,0.0
exp_TRACE_sybil-cluster_100a_2s_1778312096288,TRACE,sybil-cluster,100,2,0.9367,0.0,0.1133,0.0,0.1508,0.0
exp_TRACE_sybil-cluster_100a_3s_1778312125690,TRACE,sybil-cluster,100,3,0.9600,0.0,0.1567,0.0,0.1478,0.0
exp_TRACE_sybil-cluster_100a_4s_1778312153182,TRACE,sybil-cluster,100,4,0.9433,0.0,0.0433,1.0,0.1600,0.0
exp_TRACE_sybil-cluster_100a_5s_1778312180331,TRACE,sybil-cluster,100,5,0.9633,0.0,0.0000,0.0,0.1464,0.0
exp_TRACE_sybil-cluster_100a_6s_1778312212829,TRACE,sybil-cluster,100,6,0.9467,0.0,0.1633,0.0,0.1444,0.0
exp_TRACE_sybil-cluster_100a_7s_1778312242675,TRACE,sybil-cluster,100,7,0.9500,0.0,0.0000,0.0,0.1344,0.0
exp_TRACE_sybil-cluster_100a_8s_1778312270369,TRACE,sybil-cluster,100,8,0.9433,0.0,0.0000,2.0,0.1481,0.0
exp_TRACE_sybil-cluster_100a_9s_1778312299558,TRACE,sybil-cluster,100,9,0.9500,0.0,0.0000,1.0,0.1417,0.0
exp_trace_sybil-cluster_30a_1s_1778277044718,trace,sybil-cluster,30,1,0.9300,0.0,0.0500,1.0,0.1389,0.0
exp_trace_sybil-cluster_30a_2s_1778277070213,trace,sybil-cluster,30,2,0.9367,0.0,0.0500,0.0,0.1456,0.0
exp_trace_sybil-cluster_30a_3s_1778277094490,trace,sybil-cluster,30,3,0.9500,0.0,0.0500,0.0,0.1511,0.0
exp_TRACE_sybil-cluster_30a_42s_1778275812426,TRACE,sybil-cluster,30,42,0.9900,0.0,0.6200,1.0,0.1522,0.0
exp_TRACE_sybil-cluster_30a_42s_1778276664635,TRACE,sybil-cluster,30,42,0.9867,0.0,0.0500,0.0,0.1461,0.0
exp_TRACE_sybil-cluster_30a_42s_1778278142614,TRACE,sybil-cluster,30,42,0.9867,0.0,0.0500,0.0,0.1461,0.0
exp_TRACE_sybil-cluster_30a_42s_1778278698106,TRACE,sybil-cluster,30,42,0.9867,0.0,0.0500,0.0,0.1461,0.0
exp_trace_sybil-cluster_30a_4s_1778277119086,trace,sybil-cluster,30,4,0.9367,0.0,0.0500,1.0,0.1305,0.0
exp_trace_sybil-cluster_30a_5s_1778277143723,trace,sybil-cluster,30,5,0.9700,0.0,0.0500,0.0,0.1378,0.0
exp_TRACE_sybil-cluster_50a_1s_1778281866711,TRACE,sybil-cluster,50,1,0.9667,0.0,0.3967,1.0,0.1375,0.0
exp_TRACE_sybil-cluster_50a_2s_1778281893671,TRACE,sybil-cluster,50,2,0.9433,0.0,0.1900,0.0,0.1567,0.0
exp_TRACE_sybil-cluster_50a_3s_1778281921012,TRACE,sybil-cluster,50,3,0.9700,0.0,0.3567,0.0,0.1405,0.0
exp_TRACE_sybil-cluster_50a_4s_1778281949226,TRACE,sybil-cluster,50,4,0.9633,0.0,0.2433,0.0,0.1425,0.0
exp_TRACE_sybil-cluster_50a_5s_1778281969975,TRACE,sybil-cluster,50,5,0.9733,0.0,0.3033,0.0,0.1486,0.0
exp_TRACE_whitewashing_100a_10s_1778316724259,TRACE,whitewashing,100,10,0.9567,0.0,0.0000,0.0,0.1483,0.0
exp_TRACE_whitewashing_100a_11s_1778316745673,TRACE,whitewashing,100,11,0.9533,6.0,0.0100,0.0,0.1442,0.0
exp_TRACE_whitewashing_100a_12s_1778316770878,TRACE,whitewashing,100,12,0.9533,0.0,0.0000,0.0,0.1356,0.0
exp_TRACE_whitewashing_100a_13s_1778316799669,TRACE,whitewashing,100,13,0.9400,0.0,0.0000,1.0,0.1339,0.0
exp_TRACE_whitewashing_100a_14s_1778316825440,TRACE,whitewashing,100,14,0.9367,17.0,0.0567,0.0,0.1361,0.0
exp_TRACE_whitewashing_100a_15s_1778316851735,TRACE,whitewashing,100,15,0.9333,18.0,0.0500,0.0,0.1383,0.0
exp_TRACE_whitewashing_100a_16s_1778316876841,TRACE,whitewashing,100,16,0.9300,0.0,0.0067,2.0,0.1294,0.0
exp_TRACE_whitewashing_100a_17s_1778316903511,TRACE,whitewashing,100,17,0.9233,21.0,0.0667,0.0,0.1308,0.0
exp_TRACE_whitewashing_100a_18s_1778316929564,TRACE,whitewashing,100,18,0.9667,0.0,0.0000,0.0,0.1272,0.0
exp_TRACE_whitewashing_100a_19s_1778316956135,TRACE,whitewashing,100,19,0.9333,0.0,0.0000,1.0,0.1461,0.0
exp_TRACE_whitewashing_100a_1s_1778316537232,TRACE,whitewashing,100,1,0.9633,0.0,0.0000,0.0,0.1400,0.0
exp_TRACE_whitewashing_100a_20s_1778316982054,TRACE,whitewashing,100,20,0.9467,0.0,0.0000,0.0,0.1528,0.0
exp_TRACE_whitewashing_100a_2s_1778316558278,TRACE,whitewashing,100,2,0.9167,15.0,0.0267,0.0,0.1536,0.0
exp_TRACE_whitewashing_100a_3s_1778316580087,TRACE,whitewashing,100,3,0.9333,16.0,0.0233,0.0,0.1436,0.0
exp_TRACE_whitewashing_100a_4s_1778316600812,TRACE,whitewashing,100,4,0.9333,11.0,0.0100,0.0,0.1539,0.0
exp_TRACE_whitewashing_100a_5s_1778316620511,TRACE,whitewashing,100,5,0.9633,0.0,0.0000,0.0,0.1464,0.0
exp_TRACE_whitewashing_100a_6s_1778316641454,TRACE,whitewashing,100,6,0.9000,35.0,0.0467,0.0,0.1372,0.0
exp_TRACE_whitewashing_100a_7s_1778316662728,TRACE,whitewashing,100,7,0.9500,0.0,0.0000,0.0,0.1344,0.0
exp_TRACE_whitewashing_100a_8s_1778316683309,TRACE,whitewashing,100,8,0.9433,0.0,0.0000,2.0,0.1481,0.0
exp_TRACE_whitewashing_100a_9s_1778316704638,TRACE,whitewashing,100,9,0.9500,0.0,0.0000,1.0,0.1417,0.0
exp_TRACE_whitewashing_30a_42s_1778275746139,TRACE,whitewashing,30,42,0.9667,62.0,0.0500,0.0,0.1464,0.0
exp_TRACE_whitewashing_30a_42s_1778276860239,TRACE,whitewashing,30,42,0.9700,56.0,0.0500,0.0,0.1461,0.0
exp_TRACE_whitewashing_30a_42s_1778278316949,TRACE,whitewashing,30,42,0.9633,96.0,0.0500,0.0,0.1492,0.0
exp_TRACE_whitewashing_30a_42s_1778278793721,TRACE,whitewashing,30,42,0.9567,114.0,0.0500,0.0,0.1461,0.0
exp_TRACE_whitewashing_50a_1s_1778282441874,TRACE,whitewashing,50,1,0.8933,88.0,0.1200,0.0,0.1525,0.0
exp_TRACE_whitewashing_50a_2s_1778282457547,TRACE,whitewashing,50,2,0.9000,68.0,0.1567,0.0,0.1586,0.0
exp_TRACE_whitewashing_50a_3s_1778282473796,TRACE,whitewashing,50,3,0.9067,53.0,0.0800,1.0,0.1442,0.0
exp_TRACE_whitewashing_50a_4s_1778282489503,TRACE,whitewashing,50,4,0.9000,78.0,0.1067,0.0,0.1556,0.0
exp_TRACE_whitewashing_50a_5s_1778282505529,TRACE,whitewashing,50,5,0.9367,46.0,0.0567,0.0,0.1547,0.0